timestamp_ms,pitch_deg,pitch_vel_dps,state,rep_id,ecg_raw
7334,-0.008,-0.164,0,0,316
7344,-0.757,-12.807,1,0,282
7354,-1.511,-23.478,1,0,297
7364,-2.204,-31.526,1,0,315
7374,-2.833,-37.571,1,0,268
7384,-3.428,-42.609,1,0,321
7394,-4.019,-47.408,1,0,282
7404,-4.617,-52.159,1,0,297
7414,-5.208,-56.617,1,0,311
7424,-5.741,-59.782,1,0,274
7434,-6.203,-61.576,1,0,326
7444,-6.585,-61.861,1,0,287
7454,-6.871,-60.805,1,0,298
7464,-7.091,-59.377,1,0,322
7474,-7.275,-58.126,1,0,277
7484,-7.44,-57.164,1,0,331
7494,-7.609,-56.861,1,0,302
7504,-7.81,-57.657,1,0,308
7514,-8.051,-59.479,1,0,331
7524,-8.305,-61.649,1,0,286
7534,-8.551,-63.773,1,0,333
7544,-8.756,-65.227,1,0,302
7554,-8.882,-65.381,1,0,310
7564,-8.917,-64.115,1,0,327
7574,-8.875,-61.972,1,0,283
7584,-8.778,-59.526,1,0,331
7594,-8.621,-56.795,1,0,303
7604,-8.409,-53.878,1,0,308
7614,-8.148,-50.969,1,0,324
7624,-7.833,-47.955,1,0,278
7634,-7.502,-45.515,1,0,333
7644,-7.161,-43.593,1,0,293
7654,-6.821,-42.053,1,0,303
7664,-6.489,-40.861,1,0,326
7674,-6.169,-39.929,1,0,273
7684,-5.848,-38.999,1,0,319
7694,-5.516,-38.102,1,0,289
7704,-5.166,-37.406,1,0,301
7714,-4.8,-36.907,1,0,319
7724,-4.39,-35.932,1,0,277
7734,-3.935,-34.458,1,0,323
7744,-3.471,-33.189,1,0,287
7754,-3.01,-32.213,1,0,288
7764,-2.544,-31.328,1,0,309
7774,-2.096,-30.988,1,0,262
7784,-1.677,-31.263,1,0,307
7794,-1.285,-31.981,1,0,277
7804,-0.918,-33.109,1,0,274
7814,-0.562,-34.374,1,0,294
7824,-0.227,-35.825,1,0,250
7834,0.102,-36.962,1,0,295
7844,0.424,-37.738,1,0,271
7854,0.74,-38.435,1,0,269
7864,1.056,-39.097,1,0,296
7874,1.357,-39.934,1,0,258
7884,1.652,-40.631,1,0,300
7894,1.954,-40.896,1,0,274
7904,2.262,-40.955,1,0,283
7914,2.562,-41.167,1,0,306
7924,2.861,-41.333,1,0,265
7934,3.172,-41.176,1,0,312
7944,3.484,-40.944,1,0,286
7954,3.796,-40.71,1,0,284
7964,4.127,-40.199,1,0,309
7974,4.493,-39.276,1,0,257
7984,4.883,-38.14,1,0,304
7994,5.291,-36.847,1,0,284
8004,5.705,-35.566,1,0,287
8014,6.128,-34.265,1,0,319
8024,6.571,-32.835,1,0,266
8034,7.042,-31.216,1,0,312
8044,7.583,-28.799,1,0,280
8054,8.152,-26.398,1,0,287
8064,8.767,-23.736,1,0,307
8074,9.432,-20.816,1,0,268
8084,10.133,-17.904,1,0,317
8094,10.862,-15.06,1,0,291
8104,11.61,-12.325,1,0,288
8114,12.377,-9.627,1,0,323
8124,13.163,-6.922,1,0,275
8134,13.967,-4.231,0,0,326
8144,14.791,-1.52,0,0,299
8154,15.64,1.299,0,0,302
8164,16.515,4.278,0,0,318
8174,17.416,7.463,0,0,275
8184,18.343,10.84,-1,0,328
8194,19.293,14.417,-1,0,298
8204,20.265,18.129,-1,0,295
8214,21.255,21.915,-1,0,320
8224,22.274,25.975,-1,0,281
8234,23.333,30.478,-1,0,330
8244,24.471,36.061,-1,0,305
8254,25.625,41.578,-1,0,299
8264,26.798,47.03,-1,0,333
8274,27.986,52.378,-1,0,285
8284,29.187,57.627,-1,0,340
8294,30.391,62.744,-1,0,313
8304,31.597,67.771,-1,0,313
8314,32.807,72.764,-1,0,346
8324,34.023,77.779,-1,0,300
8334,35.237,82.641,-1,0,342
8344,36.449,87.363,-1,0,320
8354,37.658,91.969,-1,0,325
8364,38.865,96.52,-1,0,354
8374,40.067,100.963,-1,0,308
8384,41.261,105.246,-1,0,354
8394,42.437,109.303,-1,0,331
8404,43.584,113.01,-1,0,323
8414,44.696,116.373,-1,0,358
8424,45.77,119.319,-1,0,314
8434,46.797,121.783,-1,0,351
8444,47.785,123.989,-1,0,327
8454,48.76,126.286,-1,0,329
8464,49.701,128.057,-1,0,355
8474,50.608,129.492,-1,0,308
8484,51.482,130.79,-1,0,355
8494,52.293,131.516,-1,0,336
8504,53.037,131.775,-1,0,322
8514,53.709,131.604,-1,0,352
8524,54.269,130.291,-1,0,309
8534,54.739,128.313,-1,0,353
8544,55.154,126.247,-1,0,332
8554,55.541,124.363,-1,0,326
8564,55.917,122.731,-1,0,348
8574,56.287,121.443,-1,0,311
8584,56.641,120.349,-1,0,353
8594,56.972,119.397,-1,0,333
8604,57.296,118.837,-1,0,331
8614,57.626,118.971,-1,0,350
8624,57.95,119.642,-1,0,311
8634,58.236,120.283,-1,0,353
8644,58.48,120.42,-1,0,336
8654,58.596,118.357,-1,0,324
8664,58.673,116.119,-1,0,345
8674,58.712,114.59,-1,0,309
8684,58.73,113.764,-1,0,349
8694,58.729,113.217,-1,0,332
8704,58.7,112.498,-1,0,325
8714,58.595,110.728,-1,0,354
8724,58.387,107.656,-1,0,306
8734,58.089,103.825,-1,0,348
8744,57.745,100.225,-1,0,325
8754,57.401,97.632,-1,0,321
8764,57.066,96.031,-1,0,356
8774,56.724,94.94,-1,0,306
8784,56.344,93.676,-1,0,347
8794,55.901,91.564,-1,0,325
8804,55.389,88.523,-1,0,317
8814,54.834,85.276,-1,0,349
8824,54.264,82.377,-1,0,303
8834,53.687,79.789,-1,0,344
8844,53.116,77.53,-1,0,323
8854,52.551,75.484,-1,0,323
8864,51.952,73.108,-1,0,353
8874,51.296,70.763,-1,0,306
8884,50.554,68.187,-1,0,348
8894,49.698,64.83,-1,0,322
8904,48.748,60.751,-1,0,313
8914,47.767,56.477,-1,0,346
8924,46.809,52.702,-1,0,303
8934,45.89,49.678,-1,0,340
8944,45.011,47.32,-1,0,326
8954,44.162,45.234,-1,0,311
8964,43.333,43.149,-1,0,341
8974,42.515,40.995,-1,0,295
8984,41.685,38.62,-1,0,341
8994,40.83,36.061,-1,0,328
9004,39.953,33.501,-1,0,316
9014,39.054,31.012,-1,0,348
9024,38.14,28.653,-1,0,303
9034,37.227,26.565,-1,0,343
9044,36.323,24.703,-1,0,327
9054,35.425,22.917,-1,0,320
9064,34.384,18.703,-1,0,348
9074,33.51,17.632,-1,0,303
9084,32.665,16.893,-1,0,345
9094,31.898,17.08,-1,0,325
9104,31.144,17.582,-1,0,314
9114,30.26,16.18,-1,0,349
9124,29.361,14.39,-1,0,301
9134,28.493,12.889,-1,0,342
9144,27.633,11.312,-1,0,318
9154,26.775,9.663,-1,0,312
9164,25.915,7.953,-1,0,350
9174,25.042,6.019,-1,0,299
9184,24.158,3.96,0,0,340
9194,23.276,1.99,0,0,327
9204,22.405,0.276,0,0,310
9214,21.55,-1.172,0,0,344
9224,20.699,-2.531,0,0,290
9234,19.854,-3.826,0,0,336
9244,19.013,-5.109,0,0,324
9254,18.169,-6.524,0,0,308
9264,17.305,-8.415,0,0,343
9274,16.407,-11.049,1,0,298
9284,15.539,-13.092,1,0,332
9294,14.704,-14.458,1,0,316
9304,13.882,-15.414,1,0,300
9314,13.044,-16.383,1,0,340
9324,12.162,-17.75,1,0,289
9334,11.214,-20.079,1,0,338
9344,10.184,-23.882,1,0,318
9354,9.067,-29.004,1,0,304
9364,7.871,-35.022,1,0,340
9374,6.619,-41.482,1,0,298
9384,5.368,-47.638,1,0,333
9394,4.225,-52.046,1,0,312
9404,3.211,-54.712,1,0,299
9414,2.274,-56.893,1,0,345
9424,1.344,-59.799,1,0,290
9434,0.374,-63.828,1,0,330
9444,-0.707,-69.708,1,0,305
9454,-1.969,-77.782,1,0,290
9464,-3.343,-86.26,1,0,331
9474,-4.691,-93.224,1,0,285
9484,-5.827,-96.626,1,0,316
9494,-6.794,-98.474,1,0,297
9504,-7.681,-99.872,1,0,283
9514,-8.575,-101.504,1,0,314
9524,-9.513,-103.465,1,0,269
9534,-10.474,-105.72,1,0,305
9544,-11.383,-107.833,1,0,284
9554,-12.241,-110.163,1,0,270
9564,-13.086,-112.797,1,0,296
9574,-13.924,-114.859,1,0,254
9584,-14.694,-115.093,1,0,301
9594,-15.391,-114.27,1,0,277
9604,-16.033,-113.462,1,0,262
9614,-16.621,-112.922,1,0,297
9624,-17.159,-112.481,1,0,245
9634,-17.639,-111.707,1,0,297
9644,-18.083,-110.961,1,0,277
9654,-18.515,-110.613,1,0,261
9664,-18.951,-110.761,1,0,298
9674,-19.387,-111.291,1,0,250
9684,-19.753,-111.173,1,0,287
9694,-20.025,-110.536,1,0,268
9704,-20.157,-109.069,1,0,257
9714,-20.14,-106.86,1,0,294
9724,-20.006,-104.296,1,0,247
9734,-19.786,-101.418,1,0,289
9744,-19.503,-98.174,1,0,270
9754,-19.177,-94.678,1,0,245
9764,-18.836,-91.5,1,0,285
9774,-18.495,-89.025,1,0,236
9784,-18.17,-87.542,1,0,277
9794,-17.844,-86.652,1,0,260
9804,-17.486,-85.687,1,0,235
9814,-17.107,-84.608,1,0,272
9824,-16.702,-83.149,1,0,225
9834,-16.279,-81.476,1,0,273
9844,-15.87,-80.152,1,0,249
9854,-15.467,-79.039,1,0,241
9864,-15.055,-77.827,1,0,279
9874,-14.615,-76.247,1,0,230
9884,-14.121,-74.198,1,0,276
9894,-13.558,-71.504,1,0,262
9904,-12.945,-68.536,1,0,258
9914,-12.314,-65.809,1,0,282
9924,-11.672,-63.485,1,0,234
9934,-11.014,-61.529,1,0,282
9944,-10.333,-59.807,1,0,269
9954,-9.631,-58.291,1,0,263
9964,-8.909,-56.895,1,0,300
9974,-8.154,-55.304,1,0,262
9984,-7.376,-53.623,1,0,304
9994,-6.572,-51.723,1,0,289
10004,-5.761,-49.885,1,0,279
10014,-4.959,-48.314,1,0,312
10024,-4.158,-46.882,1,0,274
10034,-3.34,-45.332,1,0,316
10044,-2.501,-43.675,1,0,300
10054,-1.643,-41.979,1,0,279
10064,-0.761,-40.097,1,0,322
10074,0.136,-38.214,1,0,282
10084,1.043,-36.4,1,0,319
10094,1.981,-34.278,1,0,298
10104,2.99,-31.137,1,0,291
10114,4.04,-27.594,1,0,321
10124,5.122,-23.827,1,0,285
10134,6.237,-19.823,1,0,324
10144,7.376,-15.805,1,0,312
10154,8.539,-11.745,1,0,292
10164,9.73,-7.618,1,0,331
10174,10.952,-3.407,0,0,294
10184,12.218,1.14,0,0,326
10194,13.53,6.058,0,0,313
10204,14.884,11.297,-1,0,300
10214,16.251,16.364,-1,0,341
10224,17.636,21.38,-1,0,295
10234,19.05,26.506,-1,0,327
10244,20.478,31.53,-1,0,314
10254,21.934,36.735,-1,0,303
10264,23.419,42.109,-1,0,334
10274,24.93,47.554,-1,0,299
10284,26.463,53.007,-1,0,337
10294,28.026,58.599,-1,0,335
10304,29.665,65.121,-1,0,305
10314,31.321,71.481,-1,0,350
10324,32.981,77.535,-1,0,310
10334,34.638,83.341,-1,0,352
10344,36.28,88.791,-1,0,345
10354,37.903,93.862,-1,0,317
10364,39.521,98.758,-1,0,365
10374,41.155,103.876,-1,0,329
10384,42.799,109.159,-1,0,358
10394,44.43,114.282,-1,0,346
10404,46.038,119.164,-1,0,329
10414,47.626,123.952,-1,0,367
10424,49.196,128.788,-1,0,328
10434,50.742,133.611,-1,0,355
10444,52.26,138.394,-1,0,349
10454,53.75,143.172,-1,0,326
10464,55.182,147.48,-1,0,365
10474,56.529,150.948,-1,0,322
10484,57.775,153.451,-1,0,348
10494,58.905,154.967,-1,0,344
10504,59.921,155.671,-1,0,318
10514,60.791,154.905,-1,0,358
10524,61.588,153.768,-1,0,319
10534,62.354,152.739,-1,0,348
10544,63.088,151.831,-1,0,348
10554,63.792,151.216,-1,0,322
10564,64.484,151.304,-1,0,358
10574,65.148,151.622,-1,0,314
10584,65.755,151.531,-1,0,346
10594,66.294,150.824,-1,0,335
10604,66.764,149.563,-1,0,307
10614,67.152,147.699,-1,0,336
10624,67.457,145.373,-1,0,296
10634,67.692,142.966,-1,0,327
10644,67.88,140.909,-1,0,325
10654,68.03,139.002,-1,0,295
10664,68.123,136.61,-1,0,341
10674,68.161,133.771,-1,0,305
10684,68.14,130.572,-1,0,340
10694,68.047,127.061,-1,0,333
10704,67.904,123.8,-1,0,303
10714,67.738,120.981,-1,0,352
10724,67.565,118.479,-1,0,302
10734,67.373,116.221,-1,0,342
10744,67.071,113.108,-1,0,335
10754,66.686,109.792,-1,0,310
10764,66.233,106.012,-1,0,349
10774,65.744,102.048,-1,0,313
10784,65.299,99.344,-1,0,344
10794,64.941,98.404,-1,0,338
10804,64.675,98.973,-1,0,316
10814,64.475,100.647,-1,0,356
10824,64.295,102.786,-1,0,313
10834,64.05,103.448,-1,0,348
10844,63.632,100.898,-1,0,342
10854,63.084,96.982,-1,0,311
10864,62.455,92.926,-1,0,356
10874,61.77,88.996,-1,0,312
10884,61.032,85.06,-1,0,340
10894,60.222,80.722,-1,0,337
10904,59.327,75.92,-1,0,302
10914,58.356,70.969,-1,0,346
10924,57.308,65.785,-1,0,305
10934,56.24,61.171,-1,0,339
10944,55.163,57.213,-1,0,330
10954,54.078,53.753,-1,0,308
10964,52.986,50.604,-1,0,353
10974,51.889,47.523,-1,0,307
10984,50.802,44.487,-1,0,339
10994,49.725,41.306,-1,0,327
11004,48.649,37.862,-1,0,309
11014,47.574,34.331,-1,0,350
11024,46.511,31.022,-1,0,305
11034,45.459,28.102,-1,0,337
11044,44.415,25.658,-1,0,333
11054,43.367,23.662,-1,0,303
11064,42.306,21.938,-1,0,341
11074,41.244,20.501,-1,0,306
11084,40.184,19.162,-1,0,339
11094,39.137,17.933,-1,0,337
11104,38.122,17.103,-1,0,305
11114,37.128,16.502,-1,0,348
11124,36.109,15.463,-1,0,313
11134,35.062,14.058,-1,0,334
11144,33.986,12.327,-1,0,328
11154,32.909,10.457,-1,0,305
11164,31.847,8.676,-1,0,345
11174,30.797,6.988,-1,0,305
11184,29.735,5.062,-1,0,331
11194,28.644,2.674,0,0,330
11204,27.517,-0.313,0,0,302
11214,26.357,-3.931,0,0,347
11224,25.177,-7.933,0,0,300
11234,24.008,-11.756,1,0,323
11244,22.857,-15.146,1,0,325
11254,21.719,-18.051,1,0,297
11264,20.568,-20.799,1,0,340
11274,19.396,-23.596,1,0,298
11284,18.211,-26.325,1,0,324
11294,17.009,-28.995,1,0,325
11304,15.775,-31.861,1,0,298
11314,14.528,-35.246,1,0,341
11324,13.31,-38.424,1,0,295
11334,12.194,-39.871,1,0,326
11344,11.093,-41.047,1,0,317
11354,10.02,-42.606,1,0,284
11364,8.948,-45.096,1,0,333
11374,7.811,-49.297,1,0,298
11384,6.574,-55.137,1,0,319
11394,5.303,-61.011,1,0,324
11404,4.1,-65.286,1,0,296
11414,3.03,-67.454,1,0,338
11424,2.083,-68.386,1,0,291
11434,1.212,-69.479,1,0,315
11444,0.356,-71.772,1,0,311
11454,-0.5,-75.128,1,0,279
11464,-1.388,-79.267,1,0,321
11474,-2.319,-83.653,1,0,274
11484,-3.291,-88.009,1,0,297
11494,-4.209,-91.253,1,0,294
11504,-5.002,-93.203,1,0,256
11514,-5.721,-94.91,1,0,301
11524,-6.385,-96.261,1,0,258
11534,-7.021,-97.559,1,0,291
11544,-7.815,-101.958,1,0,275
11554,-8.675,-106.773,1,0,239
11564,-9.547,-111.172,1,0,290
11574,-10.428,-115.601,1,0,244
11584,-11.314,-120.095,1,0,266
11594,-12.145,-123.453,1,0,256
11604,-12.855,-124.645,1,0,230
11614,-13.418,-123.614,1,0,277
11624,-13.802,-120.394,1,0,235
11634,-14.044,-116.41,1,0,265
11644,-14.217,-113.364,1,0,270
11654,-14.319,-111.262,1,0,232
11664,-14.343,-109.807,1,0,272
11674,-14.32,-108.716,1,0,236
11684,-14.279,-107.542,1,0,266
11694,-14.225,-106.258,1,0,264
11704,-14.163,-105.24,1,0,232
11714,-14.113,-104.798,1,0,270
11724,-14.07,-104.521,1,0,231
11734,-14.011,-103.935,1,0,262
11744,-13.928,-103.008,1,0,260
11754,-13.78,-101.28,1,0,224
11764,-13.543,-98.64,1,0,276
11774,-13.269,-96.195,1,0,241
11784,-13.008,-94.555,1,0,272
11794,-12.744,-93.188,1,0,276
11804,-12.467,-91.835,1,0,245
11814,-12.174,-90.423,1,0,299
11824,-11.86,-88.951,1,0,263
11834,-11.514,-87.247,1,0,287
11844,-11.089,-84.545,1,0,292
11854,-10.574,-80.98,1,0,263
11864,-10.01,-77.461,1,0,314
11874,-9.429,-74.436,1,0,275
11884,-8.847,-72.089,1,0,302
11894,-8.259,-70.163,1,0,306
11904,-7.647,-68.274,1,0,274
11914,-7.0,-66.262,1,0,323
11924,-6.315,-64.087,1,0,288
11934,-5.582,-61.603,1,0,307
11944,-4.801,-58.79,1,0,322
11954,-3.982,-55.745,1,0,286
11964,-3.141,-52.718,1,0,335
11974,-2.264,-49.606,1,0,300
11984,-1.323,-46.056,1,0,323
11994,-0.322,-42.193,1,0,324
12004,0.728,-38.16,1,0,292
12014,1.811,-34.138,1,0,329
12024,2.918,-30.104,1,0,294
12034,4.032,-26.255,1,0,323
12044,5.154,-22.436,1,0,325
12054,6.302,-18.451,1,0,295
12064,7.493,-14.092,1,0,338
12074,8.731,-9.432,1,0,292
12084,10.009,-4.593,0,1,316
12094,11.34,0.619,0,1,315
12104,12.744,6.54,0,1,285
12114,14.206,12.919,-1,1,326
12124,15.696,19.343,-1,1,298
12134,17.2,25.612,-1,1,326
12144,18.714,31.711,-1,1,320
12154,20.325,39.103,-1,1,290
12164,21.974,46.564,-1,1,330
12174,23.649,53.892,-1,1,296
12184,25.319,60.69,-1,1,320
12194,26.968,66.781,-1,1,319
12204,28.595,72.295,-1,1,295
12214,30.229,77.785,-1,1,336
12224,31.883,83.51,-1,1,299
12234,33.566,89.593,-1,1,326
12244,35.244,95.445,-1,1,336
12254,36.907,100.933,-1,1,302
12264,38.554,106.085,-1,1,347
12274,40.21,111.284,-1,1,310
12284,41.894,116.848,-1,1,340
12294,43.627,123.162,-1,1,349
12304,45.407,130.184,-1,1,309
12314,47.18,137.074,-1,1,357
12324,48.889,143.151,-1,1,331
12334,50.492,148.072,-1,1,353
12344,51.979,152.01,-1,1,354
12354,53.364,155.171,-1,1,322
12364,54.646,157.509,-1,1,358
12374,55.855,159.417,-1,1,327
12384,57.0,161.068,-1,1,346
12394,58.076,162.291,-1,1,352
12404,59.092,163.199,-1,1,312
12414,60.078,164.148,-1,1,353
12424,61.022,164.858,-1,1,320
12434,61.899,165.114,-1,1,337
12444,62.703,165.114,-1,1,353
12454,63.426,164.747,-1,1,316
12464,64.045,163.557,-1,1,357
12474,64.564,161.609,-1,1,320
12484,65.005,158.917,-1,1,335
12494,65.392,155.656,-1,1,342
12504,65.748,152.075,-1,1,307
12514,66.101,148.663,-1,1,354
12524,66.47,145.871,-1,1,322
12534,66.88,144.011,-1,1,342
12544,67.305,142.513,-1,1,351
12554,67.691,140.756,-1,1,311
12564,67.823,135.568,-1,1,358
12574,67.917,131.195,-1,1,315
12584,67.923,126.39,-1,1,334
12594,67.869,121.868,-1,1,338
12604,67.814,118.607,-1,1,302
12614,67.798,116.796,-1,1,354
12624,67.798,115.724,-1,1,316
12634,67.77,114.749,-1,1,334
12644,67.651,113.113,-1,1,343
12654,67.398,110.213,-1,1,311
12664,67.019,106.393,-1,1,355
12674,66.581,102.904,-1,1,322
12684,66.114,100.058,-1,1,338
12694,65.631,97.798,-1,1,345
12704,65.129,95.854,-1,1,305
12714,64.581,93.623,-1,1,353
12724,63.954,90.686,-1,1,321
12734,63.231,87.058,-1,1,331
12744,62.421,83.14,-1,1,347
12754,61.529,78.99,-1,1,311
12764,60.566,74.616,-1,1,350
12774,59.548,70.116,-1,1,319
12784,58.539,66.581,-1,1,334
12794,57.525,63.583,-1,1,345
12804,56.494,60.78,-1,1,308
12814,55.443,57.895,-1,1,345
12824,54.364,54.595,-1,1,321
12834,53.252,50.757,-1,1,331
12844,52.111,46.47,-1,1,346
12854,50.959,42.043,-1,1,302
12864,49.812,37.775,-1,1,350
12874,48.685,33.912,-1,1,307
12884,47.581,30.571,-1,1,329
12894,46.506,27.828,-1,1,339
12904,45.456,25.633,-1,1,298
12914,44.413,23.672,-1,1,344
12924,43.375,21.824,-1,1,304
12934,42.354,20.254,-1,1,326
12944,41.362,19.108,-1,1,334
12954,40.388,18.265,-1,1,290
12964,39.419,17.522,-1,1,341
12974,38.446,16.801,-1,1,307
12984,37.451,15.813,-1,1,326
12994,36.454,14.899,-1,1,340
13004,35.465,14.065,-1,1,297
13014,34.488,13.229,-1,1,339
13024,33.523,12.328,-1,1,304
13034,32.556,11.17,-1,1,326
13044,31.565,9.616,-1,1,332
13054,30.538,7.619,-1,1,288
13064,29.473,5.201,-1,1,343
13074,28.385,2.475,0,1,303
13084,27.304,-0.276,0,1,326
13094,26.244,-2.852,0,1,334
13104,25.214,-4.969,0,1,295
13114,24.211,-6.56,0,1,342
13124,23.235,-7.692,0,1,305
13134,22.264,-8.697,0,1,319
13144,21.297,-9.728,0,1,336
13154,20.351,-10.577,1,1,296
13164,19.435,-11.121,1,1,340
13174,18.545,-11.442,1,1,307
13184,17.614,-12.738,1,1,323
13194,16.591,-15.608,1,1,334
13204,15.436,-20.227,1,1,285
13214,14.209,-25.684,1,1,332
13224,12.96,-31.299,1,1,300
13234,11.725,-36.68,1,1,319
13244,10.504,-42.009,1,1,331
13254,9.276,-47.579,1,1,286
13264,8.028,-53.472,1,1,329
13274,6.735,-59.949,1,1,297
13284,5.417,-66.577,1,1,306
13294,4.126,-72.579,1,1,319
13304,2.902,-77.438,1,1,275
13314,1.75,-81.111,1,1,325
13324,0.663,-83.928,1,1,283
13334,-0.371,-86.356,1,1,301
13344,-1.346,-88.695,1,1,317
13354,-2.366,-92.75,1,1,263
13364,-3.496,-98.561,1,1,307
13374,-4.619,-103.108,1,1,277
13384,-5.614,-104.669,1,1,292
13394,-6.446,-104.038,1,1,302
13404,-7.202,-104.264,1,1,249
13414,-7.933,-105.785,1,1,297
13424,-8.723,-108.752,1,1,271
13434,-9.561,-112.089,1,1,286
13444,-10.386,-114.768,1,1,300
13454,-11.114,-115.973,1,1,252
13464,-11.811,-117.455,1,1,305
13474,-12.49,-119.29,1,1,275
13484,-13.124,-120.525,1,1,286
13494,-13.69,-120.546,1,1,301
13504,-14.163,-119.181,1,1,250
13514,-14.566,-117.301,1,1,297
13524,-14.9,-115.215,1,1,265
13534,-15.14,-112.724,1,1,278
13544,-15.302,-110.231,1,1,294
13554,-15.391,-107.859,1,1,249
13564,-15.416,-105.668,1,1,298
13574,-15.401,-103.669,1,1,263
13584,-15.369,-101.821,1,1,280
13594,-15.328,-100.118,1,1,296
13604,-15.37,-100.052,1,1,252
13614,-15.453,-100.535,1,1,299
13624,-15.571,-101.386,1,1,266
13634,-15.672,-101.963,1,1,297
13644,-15.746,-102.413,1,1,298
13654,-15.777,-102.727,1,1,256
13664,-15.715,-102.307,1,1,308
13674,-15.52,-100.838,1,1,276
13684,-15.18,-98.17,1,1,299
13694,-14.769,-95.265,1,1,321
13704,-14.356,-92.813,1,1,277
13714,-13.946,-90.566,1,1,317
13724,-13.551,-88.613,1,1,302
13734,-13.147,-86.477,1,1,304
13744,-12.707,-84.096,1,1,330
13754,-12.248,-82.193,1,1,274
13764,-11.761,-80.72,1,1,329
13774,-11.238,-79.401,1,1,297
13784,-10.668,-77.945,1,1,307
13794,-10.054,-76.396,1,1,327
13804,-9.357,-74.109,1,1,284
13814,-8.598,-71.49,1,1,331
13824,-7.77,-68.454,1,1,296
13834,-6.895,-65.303,1,1,300
13844,-5.986,-62.006,1,1,310
13854,-5.059,-58.699,1,1,273
13864,-4.099,-55.139,1,1,315
13874,-3.089,-51.197,1,1,280
13884,-2.01,-46.721,1,1,298
13894,-0.856,-41.709,1,1,309
13904,0.368,-36.251,1,1,267
13914,1.652,-30.452,1,1,316
13924,2.983,-24.479,1,1,285
13934,4.349,-18.475,1,1,303
13944,5.754,-12.291,1,1,324
13954,7.195,-6.019,1,1,276
13964,8.682,0.52,0,2,334
13974,10.205,7.128,0,2,299
13984,11.773,13.938,-1,2,308
13994,13.38,20.874,-1,2,331
14004,15.026,27.926,-1,2,291
14014,16.783,36.315,-1,2,342
14024,18.579,44.648,-1,2,316
14034,20.408,52.853,-1,2,324
14044,22.256,60.761,-1,2,347
14054,24.111,68.326,-1,2,297
14064,25.959,75.485,-1,2,351
14074,27.803,82.406,-1,2,315
14084,29.645,89.161,-1,2,320
14094,31.476,95.645,-1,2,343
14104,33.282,101.659,-1,2,299
14114,35.059,107.158,-1,2,350
14124,36.821,112.331,-1,2,320
14134,38.59,117.405,-1,2,331
14144,40.344,122.009,-1,2,353
14154,42.072,126.192,-1,2,308
14164,43.772,130.176,-1,2,356
14174,45.428,133.842,-1,2,321
14184,47.044,137.396,-1,2,327
14194,48.61,140.764,-1,2,350
14204,50.123,143.998,-1,2,309
14214,51.569,147.039,-1,2,354
14224,52.913,149.41,-1,2,319
14234,54.189,151.813,-1,2,329
14244,55.422,154.569,-1,2,350
14254,56.615,157.475,-1,2,294
14264,57.776,160.386,-1,2,359
14274,58.865,162.547,-1,2,324
14284,59.871,163.951,-1,2,329
14294,60.798,164.775,-1,2,351
14304,61.607,164.506,-1,2,303
14314,62.302,163.345,-1,2,354
14324,62.908,161.748,-1,2,327
14334,63.451,159.948,-1,2,326
14344,63.958,158.174,-1,2,346
14354,64.451,156.797,-1,2,306
14364,64.934,155.884,-1,2,352
14374,65.388,155.103,-1,2,318
14384,65.796,154.116,-1,2,326
14394,66.147,152.642,-1,2,349
14404,66.435,150.499,-1,2,306
14414,66.656,147.502,-1,2,349
14424,66.807,143.784,-1,2,325
14434,66.972,141.042,-1,2,334
14444,67.149,139.439,-1,2,351
14454,67.316,138.234,-1,2,301
14464,67.423,136.428,-1,2,368
14474,67.442,133.711,-1,2,329
14484,67.372,130.206,-1,2,330
14494,67.235,126.278,-1,2,360
14504,67.051,122.395,-1,2,307
14514,66.846,118.935,-1,2,355
14524,66.623,115.716,-1,2,331
14534,66.346,112.321,-1,2,331
14544,65.97,108.262,-1,2,354
14554,65.472,103.404,-1,2,313
14564,64.862,98.267,-1,2,354
14574,64.152,93.152,-1,2,325
14584,63.37,88.279,-1,2,320
14594,62.552,83.771,-1,2,351
14604,61.728,79.658,-1,2,308
14614,60.907,75.987,-1,2,348
14624,60.08,72.795,-1,2,323
14634,59.175,69.036,-1,2,322
14644,58.174,64.978,-1,2,355
14654,57.101,61.159,-1,2,308
14664,55.982,57.702,-1,2,357
14674,54.835,54.323,-1,2,333
14684,53.709,50.785,-1,2,326
14694,52.62,47.124,-1,2,341
14704,51.573,43.565,-1,2,300
14714,50.569,40.304,-1,2,352
14724,49.595,37.434,-1,2,317
14734,48.63,34.95,-1,2,322
14744,47.64,32.545,-1,2,350
14754,46.605,29.971,-1,2,300
14764,45.555,27.552,-1,2,343
14774,44.546,25.912,-1,2,324
14784,43.595,25.165,-1,2,320
14794,42.672,24.839,-1,2,355
14804,41.742,24.475,-1,2,304
14814,40.787,23.826,-1,2,354
14824,39.82,22.98,-1,2,329
14834,38.856,22.051,-1,2,323
14844,37.893,21.145,-1,2,353
14854,36.904,20.033,-1,2,305
14864,35.89,18.66,-1,2,353
14874,34.865,17.179,-1,2,328
14884,33.832,15.488,-1,2,324
14894,32.808,13.722,-1,2,347
14904,31.802,12.078,-1,2,298
14914,30.791,10.26,-1,2,342
14924,29.754,8.023,-1,2,322
14934,28.714,5.732,-1,2,323
14944,27.713,3.802,0,2,343
14954,26.771,2.387,0,2,298
14964,25.892,1.564,0,2,351
14974,25.072,1.366,0,2,328
14984,24.288,1.486,0,2,314
14994,23.508,1.434,0,2,348
15004,22.706,0.932,0,2,296
15014,21.855,-0.279,0,2,337
15024,20.938,-2.377,0,2,320
15034,19.957,-5.285,0,2,316
15044,18.879,-9.763,0,2,350
15054,17.807,-14.064,1,2,299
15064,16.738,-18.229,1,2,345
15074,15.645,-22.422,1,2,318
15084,14.515,-26.719,1,2,313
15094,13.347,-31.175,1,2,348
15104,12.117,-36.404,1,2,296
15114,10.802,-42.806,1,2,341
15124,9.419,-49.8,1,2,320
15134,8.027,-56.36,1,2,312
15144,6.673,-61.827,1,2,336
15154,5.398,-65.599,1,2,284
15164,4.224,-67.898,1,2,338
15174,3.083,-70.7,1,2,316
15184,1.908,-75.241,1,2,306
15194,0.706,-80.939,1,2,342
15204,-0.54,-87.446,1,2,295
15214,-1.776,-93.225,1,2,340
15224,-2.91,-96.79,1,2,307
15234,-3.926,-98.488,1,2,301
15244,-4.822,-98.826,1,2,334
15254,-5.645,-98.995,1,2,275
15264,-6.39,-99.065,1,2,328
15274,-7.104,-99.469,1,2,301
15284,-7.89,-101.647,1,2,298
15294,-8.783,-105.416,1,2,328
15304,-9.631,-107.711,1,2,274
15314,-10.411,-109.075,1,2,323
15324,-11.212,-111.493,1,2,300
15334,-11.983,-113.61,1,2,292
15344,-12.668,-114.398,1,2,322
15354,-13.292,-114.708,1,2,273
15364,-13.908,-115.547,1,2,320
15374,-14.552,-117.131,1,2,296
15384,-15.162,-118.074,1,2,290
15394,-15.638,-117.06,1,2,313
15404,-15.951,-114.302,1,2,268
15414,-16.141,-110.997,1,2,304
15424,-16.267,-108.273,1,2,277
15434,-16.354,-106.227,1,2,277
15444,-16.424,-104.969,1,2,304
15454,-16.504,-104.776,1,2,255
15464,-16.5,-104.31,1,2,305
15474,-16.409,-103.646,1,2,275
15484,-16.245,-102.534,1,2,264
15494,-16.065,-101.516,1,2,300
15504,-15.882,-100.382,1,2,247
15514,-15.709,-99.163,1,2,304
15524,-15.564,-98.249,1,2,279
15534,-15.463,-97.894,1,2,276
15544,-15.388,-97.812,1,2,310
15554,-15.304,-97.733,1,2,253
15564,-15.177,-97.596,1,2,304
15574,-14.981,-97.279,1,2,285
15584,-14.706,-96.567,1,2,291
15594,-14.379,-95.566,1,2,326
15604,-14.007,-94.021,1,2,281
15614,-13.617,-92.265,1,2,325
15624,-13.178,-89.845,1,2,313
15634,-12.677,-86.883,1,2,307
15644,-12.115,-83.641,1,2,332
15654,-11.498,-80.37,1,2,294
15664,-10.789,-76.433,1,2,337
15674,-10.023,-72.339,1,2,307
15684,-9.192,-68.083,1,2,308
15694,-8.311,-63.946,1,2,338
15704,-7.379,-59.848,1,2,284
15714,-6.417,-55.944,1,2,334
15724,-5.42,-51.989,1,2,308
15734,-4.375,-47.707,1,2,307
15744,-3.287,-43.162,1,2,340
15754,-2.159,-38.377,1,2,286
15764,-0.998,-33.444,1,2,331
15774,0.209,-28.224,1,2,311
15784,1.453,-22.938,1,2,308
15794,2.736,-17.628,1,2,335
15804,4.058,-12.338,1,2,293
15814,5.427,-6.882,1,2,335
15824,6.843,-1.206,0,3,322
15834,8.293,4.53,0,3,307
15844,9.777,10.4,-1,3,347
15854,11.299,16.522,-1,3,292
15864,12.921,23.952,-1,3,341
15874,14.565,31.234,-1,3,323
15884,16.236,38.379,-1,3,314
15894,17.937,45.413,-1,3,348
15904,19.675,52.484,-1,3,298
15914,21.424,59.18,-1,3,338
15924,23.183,65.605,-1,3,321
15934,24.945,71.763,-1,3,320
15944,26.71,77.84,-1,3,350
15954,28.47,83.79,-1,3,299
15964,30.212,89.47,-1,3,343
15974,31.935,94.915,-1,3,320
15984,33.624,99.85,-1,3,308
15994,35.285,104.43,-1,3,351
16004,36.941,108.908,-1,3,299
16014,38.581,113.067,-1,3,351
16024,40.209,117.062,-1,3,338
16034,41.838,121.174,-1,3,318
16044,43.455,125.171,-1,3,366
16054,45.031,128.654,-1,3,320
16064,46.552,131.638,-1,3,356
16074,48.036,134.755,-1,3,345
16084,49.461,137.912,-1,3,330
16094,50.811,140.95,-1,3,365
16104,52.086,143.716,-1,3,317
16114,53.271,145.918,-1,3,356
16124,54.375,147.775,-1,3,345
16134,55.407,149.515,-1,3,326
16144,56.384,151.311,-1,3,364
16154,57.31,152.97,-1,3,314
16164,58.188,154.017,-1,3,347
16174,59.023,154.106,-1,3,333
16184,59.826,153.743,-1,3,316
16194,60.6,153.39,-1,3,360
16204,61.352,153.339,-1,3,310
16214,62.069,153.379,-1,3,347
16224,62.758,153.646,-1,3,340
16234,63.426,154.336,-1,3,323
16244,64.064,155.115,-1,3,365
16254,64.68,155.886,-1,3,321
16264,65.28,156.66,-1,3,358
16274,65.819,156.604,-1,3,346
16284,66.289,155.733,-1,3,328
16294,66.646,153.939,-1,3,358
16304,66.882,151.183,-1,3,314
16314,67.016,147.676,-1,3,347
16324,67.086,143.705,-1,3,342
16334,67.121,139.725,-1,3,321
16344,67.121,135.848,-1,3,358
16354,67.078,132.099,-1,3,311
16364,67.002,128.741,-1,3,349
16374,66.896,125.607,-1,3,347
16384,66.747,122.303,-1,3,319
16394,66.537,118.676,-1,3,365
16404,66.233,114.381,-1,3,298
16414,65.829,109.53,-1,3,355
16424,65.344,104.624,-1,3,339
16434,64.788,99.864,-1,3,321
16444,64.209,95.967,-1,3,364
16454,63.626,92.853,-1,3,316
16464,63.0,89.658,-1,3,356
16474,62.286,85.805,-1,3,346
16484,61.352,79.481,-1,3,322
16494,60.3,73.296,-1,3,355
16504,59.176,67.572,-1,3,313
16514,58.044,62.538,-1,3,354
16524,56.941,58.251,-1,3,340
16534,55.874,54.597,-1,3,324
16544,54.86,51.42,-1,3,359
16554,53.881,48.162,-1,3,308
16564,52.922,44.643,-1,3,343
16574,51.975,41.06,-1,3,335
16584,51.04,37.586,-1,3,319
16594,50.114,34.416,-1,3,356
16604,49.201,31.784,-1,3,326
16614,48.281,29.531,-1,3,348
16624,47.339,27.479,-1,3,330
16634,46.374,25.668,-1,3,314
16644,45.395,24.149,-1,3,354
16654,44.411,22.954,-1,3,310
16664,43.415,21.867,-1,3,344
16674,42.414,20.828,-1,3,336
16684,41.443,20.126,-1,3,312
16694,40.495,19.378,-1,3,349
16704,39.593,18.785,-1,3,312
16714,38.745,18.586,-1,3,351
16724,37.909,18.369,-1,3,333
16734,37.036,17.435,-1,3,317
16744,36.123,15.681,-1,3,355
16754,35.197,13.547,-1,3,309
16764,34.283,11.536,-1,3,354
16774,33.388,9.879,-1,3,334
16784,32.513,8.581,-1,3,313
16794,31.653,7.519,-1,3,350
16804,30.79,6.379,-1,3,304
16814,29.908,4.972,0,3,343
16824,28.997,3.271,0,3,331
16834,28.048,1.13,0,3,310
16844,27.06,-1.609,0,3,351
16854,26.046,-4.869,0,3,300
16864,25.013,-8.46,0,3,345
16874,23.976,-12.124,1,3,334
16884,22.948,-15.514,1,3,310
16894,21.918,-18.673,1,3,349
16904,20.84,-21.947,1,3,305
16914,19.678,-25.948,1,3,342
16924,18.412,-31.438,1,3,329
16934,17.056,-38.515,1,3,305
16944,15.622,-47.047,1,3,350
16954,14.109,-56.844,1,3,306
16964,12.509,-67.53,1,3,343
16974,10.916,-76.821,1,3,325
16984,9.421,-83.15,1,3,304
16994,8.027,-87.102,1,3,340
17004,6.721,-89.937,1,3,291
17014,5.475,-92.646,1,3,336
17024,4.288,-95.717,1,3,324
17034,3.106,-100.117,1,3,302
17044,1.898,-105.992,1,3,332
17054,0.643,-113.461,1,3,288
17064,-0.601,-120.804,1,3,324
17074,-1.803,-126.893,1,3,304
17084,-2.969,-131.54,1,3,284
17094,-4.147,-135.076,1,3,323
17104,-5.252,-135.948,1,3,269
17114,-6.304,-136.736,1,3,312
17124,-7.311,-137.779,1,3,296
17134,-8.259,-138.109,1,3,270
17144,-9.094,-136.675,1,3,310
17154,-9.807,-134.351,1,3,259
17164,-10.451,-132.658,1,3,302
17174,-11.053,-131.583,1,3,288
17184,-11.55,-129.477,1,3,278
17194,-11.893,-125.82,1,3,311
17204,-12.149,-122.588,1,3,270
17214,-12.393,-120.852,1,3,315
17224,-12.664,-120.178,1,3,301
17234,-12.929,-119.047,1,3,285
17244,-13.133,-116.528,1,3,317
17254,-13.325,-114.133,1,3,272
17264,-13.528,-112.514,1,3,314
17274,-13.729,-111.44,1,3,297
17284,-13.888,-110.168,1,3,281
17294,-13.961,-108.03,1,3,324
17304,-13.91,-104.753,1,3,292
17314,-13.797,-101.757,1,3,335
17324,-13.563,-98.274,1,3,328
17334,-13.236,-94.965,1,3,310
17344,-12.868,-92.37,1,3,352
17354,-12.452,-89.76,1,3,310
17364,-11.999,-86.985,1,3,340
17374,-11.548,-84.642,1,3,329
17384,-11.094,-82.618,1,3,313
17394,-10.628,-80.789,1,3,348
17404,-10.145,-79.081,1,3,308
17414,-9.594,-76.641,1,3,346
17424,-8.992,-73.815,1,3,332
17434,-8.335,-70.452,1,3,311
17444,-7.64,-66.734,1,3,350
17454,-6.896,-62.527,1,3,305
17464,-6.111,-58.197,1,3,342
17474,-5.263,-53.531,1,3,334
17484,-4.352,-48.656,1,3,307
17494,-3.372,-43.525,1,3,341
17504,-2.324,-38.08,1,3,303
17514,-1.142,-31.131,1,3,339
17524,0.087,-24.232,1,3,336
17534,1.346,-17.607,1,3,308
17544,2.637,-11.212,1,3,353
17554,3.979,-4.754,0,4,302
17564,5.382,1.869,0,4,337
17574,6.85,8.731,0,4,337
17584,8.365,15.64,-1,4,314
17594,9.916,22.485,-1,4,355
17604,11.491,29.197,-1,4,306
17614,13.093,35.899,-1,4,341
17624,14.72,42.603,-1,4,337
17634,16.366,49.207,-1,4,329
17644,18.025,55.687,-1,4,352
17654,19.679,61.748,-1,4,306
17664,21.328,67.521,-1,4,345
17674,22.964,72.891,-1,4,334
17684,24.583,77.906,-1,4,313
17694,26.186,82.624,-1,4,346
17704,27.768,87.064,-1,4,307
17714,29.412,92.666,-1,4,339
17724,31.068,98.505,-1,4,334
17734,32.712,104.275,-1,4,314
17744,34.353,110.163,-1,4,357
17754,35.973,115.638,-1,4,311
17764,37.54,120.11,-1,4,353
17774,39.062,123.836,-1,4,350
17784,40.548,127.196,-1,4,322
17794,42.0,130.414,-1,4,368
17804,43.417,133.734,-1,4,326
17814,44.808,137.368,-1,4,355
17824,46.163,141.166,-1,4,353
17834,47.445,144.386,-1,4,323
17844,48.626,146.638,-1,4,369
17854,49.736,148.191,-1,4,318
17864,50.793,149.191,-1,4,356
17874,51.803,149.871,-1,4,355
17884,52.775,150.753,-1,4,319
17894,53.706,151.813,-1,4,367
17904,54.579,152.605,-1,4,325
17914,55.401,153.032,-1,4,356
17924,56.111,151.719,-1,4,344
17934,56.797,150.39,-1,4,326
17944,57.453,149.233,-1,4,359
17954,58.075,148.207,-1,4,321
17964,58.68,147.372,-1,4,354
17974,59.271,146.575,-1,4,345
17984,59.828,145.291,-1,4,318
17994,60.333,143.314,-1,4,358
18004,60.806,141.057,-1,4,317
18014,61.261,138.76,-1,4,352
18024,61.677,136.366,-1,4,351
18034,62.046,134.108,-1,4,316
18044,62.386,132.307,-1,4,359
18054,62.683,130.572,-1,4,317
18064,62.912,128.679,-1,4,353
18074,63.071,126.837,-1,4,352
18084,63.179,125.363,-1,4,324
18094,63.244,124.247,-1,4,350
18104,63.271,123.285,-1,4,318
18114,63.24,121.915,-1,4,352
18124,62.963,116.999,-1,4,349
18134,62.629,112.384,-1,4,318
18144,62.16,107.205,-1,4,360
18154,61.566,101.821,-1,4,320
18164,60.862,96.419,-1,4,344
18174,60.074,91.246,-1,4,345
18184,59.265,87.118,-1,4,314
18194,58.49,84.4,-1,4,360
18204,57.738,82.4,-1,4,309
18214,56.971,80.337,-1,4,351
18224,56.16,77.874,-1,4,339
18234,55.279,74.745,-1,4,317
18244,54.287,70.406,-1,4,365
18254,53.224,65.266,-1,4,317
18264,52.17,60.015,-1,4,344
18274,51.139,54.806,-1,4,343
18284,50.122,49.692,-1,4,329
18294,49.097,44.565,-1,4,360
18304,48.065,39.642,-1,4,316
18314,47.035,35.224,-1,4,339
18324,46.016,31.492,-1,4,329
18334,45.04,28.859,-1,4,305
18344,44.087,26.727,-1,4,357
18354,43.138,24.726,-1,4,311
18364,42.187,22.743,-1,4,343
18374,41.238,20.877,-1,4,337
18384,40.301,19.241,-1,4,313
18394,39.387,17.989,-1,4,356
18404,38.493,17.027,-1,4,314
18414,37.61,16.195,-1,4,340
18424,36.738,15.502,-1,4,344
18434,35.882,15.046,-1,4,313
18444,35.041,14.809,-1,4,363
18454,34.201,14.611,-1,4,311
18464,33.349,14.243,-1,4,353
18474,32.482,13.539,-1,4,344
18484,31.608,12.495,-1,4,309
18494,30.746,11.391,-1,4,357
18504,29.897,10.217,-1,4,309
18514,29.054,8.842,-1,4,338
18524,28.219,7.38,-1,4,341
18534,27.381,5.735,-1,4,308
18544,26.501,3.326,0,4,356
18554,25.612,0.851,0,4,314
18564,24.704,-1.771,0,4,340
18574,23.774,-4.475,0,4,341
18584,22.818,-7.226,0,4,310
18594,21.808,-10.435,1,4,349
18604,20.724,-14.37,1,4,311
18614,19.57,-18.931,1,4,344
18624,18.352,-23.963,1,4,334
18634,17.073,-29.489,1,4,309
18644,15.761,-35.253,1,4,350
18654,14.437,-41.054,1,4,308
18664,13.105,-47.108,1,4,342
18674,11.776,-53.385,1,4,337
18684,10.471,-59.51,1,4,303
18694,9.165,-65.683,1,4,344
18704,7.844,-71.701,1,4,300
18714,6.455,-78.12,1,4,334
18724,4.991,-84.782,1,4,332
18734,3.516,-90.782,1,4,298
18744,2.114,-95.364,1,4,347
18754,0.765,-99.61,1,4,293
18764,-0.505,-104.093,1,4,326
18774,-1.723,-108.797,1,4,327
18784,-2.892,-112.787,1,4,296
18794,-4.083,-117.059,1,4,337
18804,-5.363,-122.897,1,4,295
18814,-6.666,-129.186,1,4,333
18824,-7.84,-133.41,1,4,325
18834,-8.855,-135.384,1,4,312
18844,-9.774,-136.357,1,4,345
18854,-10.672,-137.199,1,4,292
18864,-11.593,-138.175,1,4,327
18874,-12.602,-140.402,1,4,325
18884,-13.76,-144.74,1,4,285
18894,-14.957,-149.037,1,4,333
18904,-16.018,-151.122,1,4,279
18914,-16.876,-151.171,1,4,316
18924,-17.506,-149.107,1,4,316
18934,-17.891,-144.7,1,4,285
18944,-18.061,-138.658,1,4,336
18954,-18.101,-132.555,1,4,291
18964,-18.13,-128.557,1,4,323
18974,-18.206,-126.05,1,4,316
18984,-18.341,-124.347,1,4,290
18994,-18.471,-122.236,1,4,335
19004,-18.587,-120.406,1,4,289
19014,-18.697,-119.471,1,4,314
19024,-18.764,-118.611,1,4,312
19034,-18.757,-117.273,1,4,279
19044,-18.705,-115.944,1,4,323
19054,-18.597,-114.624,1,4,286
19064,-18.413,-113.198,1,4,318
19074,-18.151,-111.806,1,4,323
19084,-17.834,-110.432,1,4,291
19094,-17.446,-108.179,1,4,335
19104,-17.008,-105.325,1,4,296
19114,-16.512,-101.909,1,4,328
19124,-15.973,-98.339,1,4,333
19134,-15.437,-95.406,1,4,304
19144,-14.896,-92.91,1,4,351
19154,-14.31,-90.23,1,4,309
19164,-13.636,-86.695,1,4,332
19174,-12.905,-82.976,1,4,340
19184,-12.1,-78.921,1,4,310
19194,-11.217,-74.473,1,4,351
19204,-10.264,-69.689,1,4,308
19214,-9.249,-64.755,1,4,335
19224,-8.181,-59.83,1,4,334
19234,-7.065,-54.902,1,4,308
19244,-5.89,-49.686,1,4,357
19254,-4.648,-43.967,1,4,315
19264,-3.349,-37.919,1,4,340
19274,-1.987,-31.516,1,4,341
19284,-0.549,-24.593,1,4,305
19294,0.949,-17.512,1,4,365
19304,2.508,-10.257,1,4,315
19314,4.116,-2.971,0,5,343
19324,5.765,4.29,0,5,345
19334,7.448,11.471,-1,5,312
19344,9.153,18.452,-1,5,356
19354,10.891,25.48,-1,5,315
19364,12.724,33.615,-1,5,341
19374,14.585,41.544,-1,5,339
19384,16.465,49.118,-1,5,307
19394,18.365,56.436,-1,5,357
19404,20.278,63.501,-1,5,317
19414,22.168,69.786,-1,5,340
19424,24.048,75.684,-1,5,344
19434,25.902,81.098,-1,5,312
19444,27.725,86.006,-1,5,350
19454,29.529,90.696,-1,5,312
19464,31.328,95.449,-1,5,341
19474,33.111,100.061,-1,5,346
19484,34.864,104.301,-1,5,309
19494,36.585,108.21,-1,5,360
19504,38.275,111.844,-1,5,319
19514,39.927,115.097,-1,5,350
19524,41.541,118.102,-1,5,352
19534,43.123,121.075,-1,5,309
19544,44.672,124.03,-1,5,363
19554,46.177,126.808,-1,5,312
19564,47.641,129.499,-1,5,343
19574,49.119,133.003,-1,5,358
19584,50.556,136.341,-1,5,318
19594,51.947,139.579,-1,5,370
19604,53.273,142.441,-1,5,336
19614,54.522,144.938,-1,5,345
19624,55.708,147.517,-1,5,354
19634,56.819,150.063,-1,5,316
19644,57.862,152.785,-1,5,359
19654,58.849,155.836,-1,5,327
19664,59.787,158.908,-1,5,346
19674,60.699,161.793,-1,5,357
19684,61.585,164.076,-1,5,320
19694,62.416,165.378,-1,5,363
19704,63.171,165.883,-1,5,327
19714,63.853,165.998,-1,5,346
19724,64.47,165.81,-1,5,346
19734,65.013,165.124,-1,5,311
19744,65.491,164.125,-1,5,359
19754,65.921,162.997,-1,5,320
19764,66.323,161.793,-1,5,339
19774,66.712,160.658,-1,5,348
19784,67.079,159.417,-1,5,309
19794,67.409,157.711,-1,5,358
19804,67.671,155.251,-1,5,318
19814,67.851,152.195,-1,5,336
19824,67.96,148.987,-1,5,344
19834,68.012,145.826,-1,5,302
19844,68.013,142.692,-1,5,356
19854,67.971,139.654,-1,5,326
19864,67.891,136.481,-1,5,344
19874,67.749,132.525,-1,5,354
19884,67.503,127.346,-1,5,308
19894,67.137,121.24,-1,5,365
19904,66.658,114.758,-1,5,328
19914,66.085,108.268,-1,5,345
19924,65.407,101.374,-1,5,354
19934,64.624,93.859,-1,5,313
19944,63.737,85.736,-1,5,367
19954,62.747,77.236,-1,5,323
19964,61.657,68.74,-1,5,338
19974,60.477,60.622,-1,5,352
19984,59.166,52.199,-1,5,307
19994,57.803,44.721,-1,5,362
20004,56.443,38.287,-1,5,327
20014,55.139,33.057,-1,5,342
20024,53.917,29.188,-1,5,350
20034,52.769,26.471,-1,5,305
20044,51.669,24.503,-1,5,356
20054,50.602,23.015,-1,5,317
20064,49.554,21.775,-1,5,339
20074,48.51,20.579,-1,5,348
20084,47.465,19.42,-1,5,310
20094,46.434,18.586,-1,5,352
20104,45.427,18.237,-1,5,318
20114,44.436,18.139,-1,5,339
20124,43.45,17.997,-1,5,347
20134,42.466,17.817,-1,5,311
20144,41.488,17.738,-1,5,359
20154,40.513,17.734,-1,5,319
20164,39.554,17.964,-1,5,342
20174,38.611,18.349,-1,5,353
20184,37.664,18.426,-1,5,310
20194,36.699,17.829,-1,5,360
20204,35.739,16.813,-1,5,319
20214,34.777,15.396,-1,5,337
20224,33.817,13.717,-1,5,346
20234,32.863,11.962,-1,5,307
20244,31.916,10.224,-1,5,361
20254,30.978,8.492,-1,5,322
20264,30.05,6.641,-1,5,334
20274,29.115,4.275,0,5,351
20284,28.159,1.174,0,5,307
20294,27.191,-2.204,0,5,355
20304,26.221,-5.436,0,5,317
20314,25.255,-8.292,0,5,333
20324,24.293,-10.773,1,5,349
20334,23.34,-12.78,1,5,306
20344,22.395,-14.26,1,5,361
20354,21.44,-15.645,1,5,321
20364,20.438,-17.664,1,5,339
20374,19.401,-20.221,1,5,348
20384,18.349,-22.973,1,5,302
20394,17.306,-25.48,1,5,357
20404,16.289,-27.68,1,5,318
20414,15.3,-29.698,1,5,334
20424,14.341,-31.236,1,5,351
20434,13.396,-32.376,1,5,306
20444,12.481,-33.061,1,5,357
20454,11.607,-33.561,1,5,313
20464,10.77,-34.171,1,5,339
20474,9.963,-35.015,1,5,347
20484,9.175,-36.216,1,5,301
20494,8.389,-37.818,1,5,350
20504,7.629,-39.071,1,5,309
20514,6.922,-39.342,1,5,332
20524,6.283,-38.673,1,5,342
20534,5.697,-37.658,1,5,300
20544,5.149,-36.639,1,5,352
20554,4.62,-35.942,1,5,310
20564,4.094,-35.708,1,5,328
20574,3.572,-35.766,1,5,336
20584,3.048,-36.141,1,5,299
20594,2.533,-36.667,1,5,348
20604,2.004,-37.796,1,5,309
20614,1.5,-38.952,1,5,330
20624,1.03,-40.016,1,5,332
20634,0.602,-40.781,1,5,295
20644,0.201,-41.438,1,5,345
20654,-0.184,-42.149,1,5,312
20664,-0.562,-43.037,1,5,332
20674,-0.961,-44.448,1,5,336
20684,-1.418,-46.793,1,5,301
20694,-1.911,-49.46,1,5,349
20704,-2.381,-51.499,1,5,312
20714,-2.808,-52.71,1,5,330
20724,-3.179,-53.078,1,5,347
20734,-3.478,-52.602,1,5,303
20744,-3.717,-51.778,1,5,351
20754,-3.923,-51.142,1,5,320
20764,-4.137,-51.08,1,5,334
20774,-4.388,-51.7,1,5,341
20784,-4.672,-52.643,1,5,297
20794,-4.916,-52.758,1,5,350
20804,-5.075,-51.806,1,5,317
20814,-5.174,-50.687,1,5,328
20824,-5.219,-49.236,1,5,341
20834,-5.247,-47.925,1,5,306
20844,-5.293,-47.158,1,5,352
20854,-5.355,-46.865,1,5,310
20864,-5.428,-47.119,1,5,331
20874,-5.504,-47.748,1,5,343
20884,-5.548,-47.987,1,5,294
20894,-5.54,-47.596,1,5,344
20904,-5.472,-46.62,1,5,311
20914,-5.351,-45.216,1,5,326
20924,-5.195,-43.629,1,5,338
20934,-5.026,-42.123,1,5,296
20944,-4.859,-40.909,1,5,340
20954,-4.699,-40.009,1,5,315
20964,-4.54,-39.361,1,5,320
20974,-4.369,-38.75,1,5,337
20984,-4.184,-38.18,1,5,290
20994,-3.976,-37.531,1,5,337
21004,-3.754,-36.951,1,5,302
21014,-3.51,-36.253,1,5,324
21024,-3.231,-35.326,1,5,335
21034,-2.913,-34.258,1,5,290
21044,-2.562,-33.175,1,5,341
21054,-2.185,-32.15,1,5,298
21064,-1.792,-31.245,1,5,314
21074,-1.384,-30.369,1,5,331
21084,-0.96,-29.446,1,5,289
21094,-0.535,-28.748,1,5,344
21104,-0.115,-28.258,1,5,308
21114,0.317,-27.564,1,5,324
21124,0.771,-26.518,1,5,332
21134,1.223,-25.627,1,5,289
21144,1.658,-25.067,1,5,345
21154,2.082,-24.691,1,5,313
21164,2.49,-24.643,1,5,318
21174,2.882,-24.918,1,5,340
21184,3.275,-25.26,1,5,294
21194,3.674,-25.615,1,5,343
21204,4.089,-25.789,1,5,309
21214,4.527,-25.568,1,5,326
21224,4.982,-25.059,1,5,341
21234,5.436,-24.583,1,5,297
21244,5.881,-24.166,1,5,344
21254,6.313,-23.819,1,5,314
21264,6.735,-23.499,1,5,321
21274,7.143,-23.233,1,5,342
21284,7.547,-22.868,1,5,297
21294,7.954,-22.392,1,5,346
21304,8.367,-21.893,1,5,311
21314,8.787,-21.487,1,5,325
21324,9.212,-21.291,1,5,341
21334,9.642,-21.169,1,5,301
21344,10.083,-20.955,1,5,347
21354,10.53,-20.706,1,5,315
21364,10.98,-20.386,1,5,320
21374,11.44,-19.906,1,5,341
21384,11.9,-19.414,1,5,299
21394,12.352,-19.066,1,5,347
21404,12.793,-18.877,1,5,314
21414,13.227,-18.801,1,5,325
21424,13.649,-18.931,1,5,345
21434,14.079,-18.907,1,5,300
21444,14.52,-19.009,1,5,349
21454,14.969,-19.267,1,5,310
21464,15.433,-19.411,1,5,329
21474,15.908,-19.388,1,5,345
21484,16.381,-19.308,1,5,299
21494,16.845,-19.283,1,5,343
21504,17.297,-19.342,1,5,317
21514,17.751,-19.23,1,5,327
21524,18.21,-18.891,1,5,339
21534,18.67,-18.467,1,5,313
21544,19.128,-18.114,1,5,346
21554,19.589,-17.758,1,5,310
21564,20.066,-17.197,1,5,326
21574,20.552,-16.597,1,5,347
21584,21.047,-15.965,1,5,295
21594,21.558,-15.184,1,5,352
21604,22.087,-14.208,1,5,320
21614,22.622,-13.232,1,5,324
21624,23.165,-12.235,1,5,351
21634,23.74,-10.784,1,5,309
21644,24.335,-9.178,1,5,355
21654,24.947,-7.463,1,5,320
21664,25.577,-5.587,1,5,329
21674,26.227,-3.423,0,6,350
21684,26.905,-0.898,0,6,310
21694,27.611,1.94,0,6,353
21704,28.337,4.904,0,6,322
21714,29.096,8.219,0,6,327
21724,29.902,12.039,-1,6,345
21734,30.743,16.118,-1,6,304
21744,31.616,20.371,-1,6,355
21754,32.521,24.78,-1,6,324
21764,33.451,29.248,-1,6,326
21774,34.423,34.059,-1,6,351
21784,35.417,38.873,-1,6,302
21794,36.426,43.586,-1,6,353
21804,37.446,48.235,-1,6,317
21814,38.492,53.168,-1,6,326
21824,39.553,58.133,-1,6,347
21834,40.665,63.776,-1,6,304
21844,41.779,69.17,-1,6,345
21854,42.893,74.296,-1,6,317
21864,44.005,79.209,-1,6,322
21874,45.117,83.964,-1,6,352
21884,46.232,88.699,-1,6,306
21894,47.344,93.338,-1,6,345
21904,48.45,97.904,-1,6,326
21914,49.54,102.371,-1,6,323
21924,50.621,106.867,-1,6,350
21934,51.687,111.315,-1,6,311
21944,52.717,115.266,-1,6,351
21954,53.718,118.854,-1,6,326
21964,54.694,122.118,-1,6,331
21974,55.631,124.828,-1,6,351
21984,56.535,127.27,-1,6,303
21994,57.419,129.803,-1,6,355
22004,58.279,132.391,-1,6,331
22014,59.109,134.935,-1,6,338
22024,59.921,137.575,-1,6,360
22034,60.729,140.251,-1,6,313
22044,61.517,142.584,-1,6,362
22054,62.267,144.447,-1,6,330
22064,62.943,145.826,-1,6,336
22074,63.546,146.538,-1,6,352
22084,64.083,146.561,-1,6,309
22094,64.584,146.327,-1,6,354
22104,65.092,146.355,-1,6,328
22114,65.617,146.623,-1,6,331
22124,66.129,146.693,-1,6,362
22134,66.617,146.904,-1,6,306
22144,67.083,147.508,-1,6,355
22154,67.503,148.01,-1,6,330
22164,67.852,147.86,-1,6,332
22174,68.119,146.747,-1,6,361
22184,68.313,144.702,-1,6,314
22194,68.447,141.918,-1,6,361
22204,68.52,138.714,-1,6,327
22214,68.536,135.393,-1,6,333
22224,68.498,132.076,-1,6,359
22234,68.421,129.027,-1,6,312
22244,68.306,126.313,-1,6,361
22254,68.098,123.024,-1,6,336
22264,67.785,119.032,-1,6,326
22274,67.343,114.078,-1,6,354
22284,66.775,108.311,-1,6,316
22294,66.115,102.193,-1,6,353
22304,65.375,95.783,-1,6,329
22314,64.563,89.231,-1,6,336
22324,63.682,82.631,-1,6,363
22334,62.735,76.257,-1,6,315
22344,61.73,70.375,-1,6,354
22354,60.68,65.199,-1,6,334
22364,59.604,60.885,-1,6,333
22374,58.513,57.27,-1,6,357
22384,57.413,54.146,-1,6,307
22394,56.321,51.482,-1,6,359
22404,55.265,49.241,-1,6,329
22414,54.262,47.374,-1,6,329
22424,53.31,45.695,-1,6,358
22434,52.387,44.002,-1,6,308
22444,51.491,42.417,-1,6,350
22454,50.633,41.24,-1,6,325
22464,49.801,40.299,-1,6,319
22474,48.969,39.484,-1,6,350
22484,48.128,38.724,-1,6,307
22494,47.263,37.877,-1,6,348
22504,46.352,36.571,-1,6,328
22514,45.386,34.649,-1,6,324
22524,44.362,32.111,-1,6,347
22534,43.301,29.325,-1,6,310
22544,42.242,26.789,-1,6,357
22554,41.203,24.716,-1,6,330
22564,40.182,23.02,-1,6,328
22574,39.184,21.698,-1,6,358
22584,38.199,20.576,-1,6,309
22594,37.206,19.275,-1,6,355
22604,36.2,17.641,-1,6,333
22614,35.189,15.73,-1,6,323
22624,34.188,13.782,-1,6,357
22634,33.21,12.016,-1,6,311
22644,32.271,10.615,-1,6,357
22654,31.367,9.54,-1,6,325
22664,30.486,8.572,-1,6,326
22674,29.613,7.542,-1,6,351
22684,28.74,6.287,-1,6,312
22694,27.865,4.824,0,6,351
22704,26.973,3.015,0,6,332
22714,26.048,0.714,0,6,325
22724,25.089,-2.017,0,6,353
22734,24.1,-5.036,0,6,304
22744,23.102,-7.959,0,6,354
22754,22.104,-10.557,1,6,334
22764,21.09,-13.068,1,6,324
22774,20.053,-15.669,1,6,352
22784,19.001,-18.213,1,6,307
22794,17.934,-20.709,1,6,356
22804,16.863,-23.024,1,6,331
22814,15.803,-25.064,1,6,319
22824,14.767,-26.999,1,6,348
22834,13.758,-29.18,1,6,304
22844,12.75,-32.158,1,6,351
22854,11.724,-35.982,1,6,330
22864,10.643,-40.797,1,6,318
22874,9.568,-45.114,1,6,343
22884,8.497,-48.834,1,6,303
22894,7.454,-51.699,1,6,348
22904,6.446,-53.823,1,6,315
22914,5.467,-55.359,1,6,320
22924,4.5,-56.639,1,6,351
22934,3.503,-58.336,1,6,299
22944,2.484,-60.32,1,6,343
22954,1.488,-62.258,1,6,318
22964,0.509,-64.829,1,6,311
22974,-0.448,-67.776,1,6,343
22984,-1.343,-69.885,1,6,292
22994,-2.144,-70.372,1,6,342
23004,-2.852,-69.526,1,6,314
23014,-3.514,-68.455,1,6,311
23024,-4.191,-68.071,1,6,344
23034,-4.869,-68.015,1,6,289
23044,-5.515,-67.918,1,6,343
23054,-6.102,-67.654,1,6,319
23064,-6.613,-67.057,1,6,313
23074,-7.047,-66.082,1,6,345
23084,-7.447,-65.412,1,6,300
23094,-7.829,-64.833,1,6,344
23104,-8.204,-64.483,1,6,324
23114,-8.579,-64.466,1,6,322
23124,-8.935,-64.452,1,6,361
23134,-9.259,-64.389,1,6,299
23144,-9.545,-64.347,1,6,336
23154,-9.785,-64.19,1,6,319
23164,-9.969,-63.428,1,6,313
23174,-10.105,-62.0,1,6,349
23184,-10.229,-60.739,1,6,299
23194,-10.332,-59.667,1,6,346
23204,-10.418,-58.967,1,6,324
23214,-10.483,-58.425,1,6,321
23224,-10.508,-57.637,1,6,345
23234,-10.496,-56.554,1,6,298
23244,-10.459,-55.335,1,6,345
23254,-10.404,-54.086,1,6,315
23264,-10.335,-52.821,1,6,312
23274,-10.435,-54.717,1,6,344
23284,-10.443,-54.894,1,6,289
23294,-10.469,-55.488,1,6,330
23304,-10.458,-55.668,1,6,311
23314,-10.372,-54.892,1,6,298
23324,-10.213,-53.412,1,6,333
23334,-9.992,-51.395,1,6,285
23344,-9.72,-48.971,1,6,327
23354,-9.408,-46.372,1,6,303
23364,-9.075,-43.971,1,6,298
23374,-8.747,-42.154,1,6,336
23384,-8.439,-40.976,1,6,277
23394,-8.153,-40.289,1,6,329
23404,-7.895,-40.164,1,6,305
23414,-7.651,-40.345,1,6,295
23424,-7.397,-40.455,1,6,329
23434,-7.123,-40.424,1,6,278
23444,-6.832,-40.419,1,6,317
23454,-6.522,-40.486,1,6,301
23464,-6.181,-40.552,1,6,294
23474,-5.81,-40.637,1,6,327
23484,-5.397,-40.505,1,6,276
23494,-4.943,-40.151,1,6,328
23504,-4.468,-39.876,1,6,307
23514,-3.992,-39.861,1,6,300
23524,-3.518,-39.939,1,6,339
23534,-3.038,-39.852,1,6,287
23544,-2.552,-39.688,1,6,338
23554,-2.069,-39.775,1,6,314
23564,-1.602,-40.346,1,6,320
23574,-1.156,-41.219,1,6,350
23584,-0.735,-42.18,1,6,300
23594,-0.322,-42.879,1,6,345
23604,0.078,-43.523,1,6,328
23614,0.477,-43.978,1,6,320
23624,0.875,-44.276,1,6,354
23634,1.286,-44.269,1,6,304
23644,1.717,-43.98,1,6,348
23654,2.163,-43.565,1,6,329
23664,2.616,-43.148,1,6,316
23674,3.078,-42.598,1,6,347
23684,3.55,-41.884,1,6,306
23694,4.043,-40.832,1,6,350
23704,4.542,-39.711,1,6,322
23714,5.062,-38.442,1,6,312
23724,5.596,-37.19,1,6,353
23734,6.138,-36.036,1,6,300
23744,6.682,-35.083,1,6,348
23754,7.235,-34.198,1,6,332
23764,7.803,-33.339,1,6,315
23774,8.387,-32.47,1,6,346
23784,8.99,-31.512,1,6,298
23794,9.6,-30.622,1,6,360
23804,10.219,-29.707,1,6,323
23814,10.851,-28.64,1,6,310
23824,11.502,-27.374,1,6,347
23834,12.178,-25.842,1,6,306
23844,12.864,-24.35,1,6,345
23854,13.552,-23.026,1,6,328
23864,14.244,-21.75,1,6,315
23874,14.939,-20.483,1,6,353
23884,15.641,-19.163,1,6,308
23894,16.396,-16.995,1,6,350
23904,17.179,-14.577,1,6,333
23914,17.978,-12.166,1,6,319
23924,18.777,-9.821,1,6,352
23934,19.587,-7.359,1,6,310
23944,20.403,-4.889,0,7,346
23954,21.238,-2.251,0,7,330
23964,22.109,0.832,0,7,315
23974,23.009,4.205,0,7,351
23984,23.941,7.9,0,7,307
23994,24.893,11.723,-1,7,341
24004,25.85,15.386,-1,7,334
24014,26.829,19.212,-1,7,318
24024,27.824,23.031,-1,7,346
24034,28.84,26.935,-1,7,306
24044,29.878,30.973,-1,7,354
24054,30.935,35.08,-1,7,331
24064,32.007,39.204,-1,7,317
24074,33.099,43.404,-1,7,352
24084,34.201,47.524,-1,7,301
24094,35.312,51.568,-1,7,344
24104,36.475,56.272,-1,7,324
24114,37.639,60.709,-1,7,313
24124,38.807,64.966,-1,7,351
24134,39.973,69.044,-1,7,303
24144,41.138,73.031,-1,7,346
24154,42.306,76.995,-1,7,332
24164,43.467,80.817,-1,7,320
24174,44.625,84.622,-1,7,354
24184,45.768,88.21,-1,7,307
24194,46.89,91.506,-1,7,353
24204,47.988,94.506,-1,7,338
24214,49.067,97.383,-1,7,320
24224,50.125,100.147,-1,7,358
24234,51.155,102.694,-1,7,314
24244,52.159,105.132,-1,7,354
24254,53.138,107.59,-1,7,345
24264,54.096,110.107,-1,7,329
24274,55.024,112.49,-1,7,362
24284,55.919,114.617,-1,7,318
24294,56.788,116.604,-1,7,350
24304,57.629,118.504,-1,7,347
24314,58.455,120.626,-1,7,328
24324,59.233,122.527,-1,7,366
24334,59.968,124.365,-1,7,324
24344,60.662,126.029,-1,7,360
24354,61.311,127.335,-1,7,340
24364,61.915,128.311,-1,7,327
24374,62.471,128.91,-1,7,366
24384,62.978,129.125,-1,7,313
24394,63.443,129.111,-1,7,358
24404,63.884,129.16,-1,7,341
24414,64.301,129.242,-1,7,318
24424,64.7,129.168,-1,7,361
24434,65.104,129.034,-1,7,313
24444,65.489,128.639,-1,7,358
24454,65.799,127.464,-1,7,346
24464,66.064,125.998,-1,7,322
24474,66.306,124.552,-1,7,357
24484,66.514,122.96,-1,7,314
24494,66.701,121.491,-1,7,357
24504,66.878,120.338,-1,7,343
24514,67.027,119.093,-1,7,318
24524,67.155,118.086,-1,7,366
24534,67.234,116.839,-1,7,312
24544,67.258,115.088,-1,7,356
24554,67.22,112.785,-1,7,347
24564,67.104,109.747,-1,7,323
24574,66.909,106.177,-1,7,364
24584,66.64,102.318,-1,7,322
24594,66.337,98.928,-1,7,356
24604,66.021,96.267,-1,7,341
24614,65.672,93.916,-1,7,324
24624,65.281,91.693,-1,7,366
24634,64.857,89.688,-1,7,313
24644,64.403,87.905,-1,7,348
24654,63.927,86.328,-1,7,348
24664,63.42,84.668,-1,7,322
24674,62.869,82.816,-1,7,368
24684,62.27,80.755,-1,7,315
24694,61.627,78.62,-1,7,350
24704,60.943,76.403,-1,7,345
24714,60.052,71.219,-1,7,314
24724,59.241,68.364,-1,7,363
24734,58.406,65.619,-1,7,305
24744,57.552,63.005,-1,7,344
24754,56.677,60.624,-1,7,340
24764,55.786,58.579,-1,7,309
24774,54.882,56.925,-1,7,356
24784,53.984,55.883,-1,7,308
24794,53.119,55.563,-1,7,347
24804,52.298,55.806,-1,7,341
24814,51.501,56.038,-1,7,310
24824,50.687,55.642,-1,7,362
24834,49.833,54.448,-1,7,309
24844,48.946,52.75,-1,7,350
24854,48.02,50.481,-1,7,358
24864,47.042,47.4,-1,7,321
24874,46.025,43.611,-1,7,360
24884,45.0,39.529,-1,7,316
24894,43.99,35.608,-1,7,349
24904,43.021,32.371,-1,7,344
24914,42.096,29.877,-1,7,317
24924,41.191,27.677,-1,7,356
24934,40.298,25.7,-1,7,313
24944,39.406,23.952,-1,7,352
24954,38.518,22.474,-1,7,345
24964,37.642,21.304,-1,7,317
24974,36.775,20.36,-1,7,357
24984,35.915,19.501,-1,7,317
24994,35.057,18.613,-1,7,349
25004,34.198,17.649,-1,7,334
25014,33.338,16.632,-1,7,314
25024,32.489,15.764,-1,7,361
25034,31.665,15.204,-1,7,311
25044,30.866,14.9,-1,7,352
25054,30.089,14.758,-1,7,340
25064,29.333,14.711,-1,7,316
25074,28.59,14.56,-1,7,356
25084,27.859,14.262,-1,7,315
25094,27.149,13.982,-1,7,351
25104,26.458,13.698,-1,7,345
25114,25.787,13.401,-1,7,318
25124,25.139,13.204,-1,7,359
25134,24.499,12.877,-1,7,314
25144,23.857,12.35,-1,7,345
25154,23.214,11.728,-1,7,342
25164,22.571,11.077,-1,7,316
25174,21.933,10.444,-1,7,360
25184,21.295,9.763,-1,7,311
25194,20.654,8.972,-1,7,348
25204,20.006,8.089,-1,7,337
25214,19.336,6.895,-1,7,310
25224,18.64,5.341,-1,7,364
25234,17.926,3.517,0,7,310
25244,17.206,1.62,0,7,352
25254,16.479,-0.346,0,7,343
25264,15.733,-2.525,0,7,315
25274,14.944,-5.235,0,7,355
25284,14.114,-8.409,0,7,313
25294,13.274,-11.522,1,7,348
25304,12.434,-14.391,1,7,340
25314,11.588,-17.189,1,7,314
25324,10.734,-19.978,1,7,355
25334,9.851,-23.106,1,7,304
25344,8.96,-26.079,1,7,343
25354,8.034,-28.994,1,7,334
25364,7.047,-32.308,1,7,301
25374,6.038,-35.873,1,7,347
25384,5.034,-39.434,1,7,308
25394,4.062,-42.452,1,7,344
25404,3.176,-44.083,1,7,330
25414,2.318,-45.594,1,7,305
25424,1.457,-47.657,1,7,349
25434,0.604,-49.925,1,7,300
25444,-0.236,-52.233,1,7,342
25454,-1.061,-54.603,1,7,334
25464,-1.864,-56.812,1,7,306
25474,-2.643,-58.613,1,7,350
25484,-3.387,-59.981,1,7,298
25494,-4.15,-62.169,1,7,330
25504,-4.976,-65.905,1,7,321
25514,-5.845,-70.645,1,7,304
25524,-6.72,-75.369,1,7,347
25534,-7.552,-79.194,1,7,304
25544,-8.338,-82.34,1,7,337
25554,-9.085,-85.003,1,7,331
25564,-9.847,-87.995,1,7,305
25574,-10.628,-91.129,1,7,343
25584,-11.381,-93.68,1,7,308
25594,-12.046,-95.063,1,7,339
25604,-12.606,-95.463,1,7,339
25614,-13.073,-95.175,1,7,303
25624,-13.443,-93.878,1,7,347
25634,-13.71,-91.332,1,7,307
25644,-13.906,-88.254,1,7,339
25654,-14.081,-85.77,1,7,337
25664,-14.28,-84.708,1,7,303
25674,-14.531,-85.318,1,7,350
25684,-14.792,-86.396,1,7,297
25694,-14.994,-86.602,1,7,341
25704,-15.115,-85.808,1,7,335
25714,-15.169,-84.566,1,7,314
25724,-15.177,-83.287,1,7,350
25734,-15.151,-82.008,1,7,298
25744,-15.131,-81.216,1,7,329
25754,-15.18,-81.523,1,7,324
25764,-15.236,-81.565,1,7,296
25774,-15.207,-80.675,1,7,350
25784,-15.048,-78.62,1,7,290
25794,-14.779,-76.074,1,7,329
25804,-14.45,-73.718,1,7,313
25814,-14.099,-71.775,1,7,290
25824,-13.741,-70.004,1,7,338
25834,-13.391,-68.405,1,7,293
25844,-13.062,-67.328,1,7,326
25854,-12.765,-66.969,1,7,325
25864,-12.489,-66.975,1,7,294
25874,-12.208,-66.807,1,7,341
25884,-11.893,-66.067,1,7,294
25894,-11.533,-64.779,1,7,330
25904,-11.157,-63.665,1,7,318
25914,-10.762,-62.868,1,7,299
25924,-10.36,-62.612,1,7,341
25934,-9.95,-62.54,1,7,295
25944,-9.515,-62.145,1,7,328
25954,-9.03,-60.91,1,7,328
25964,-8.539,-59.556,1,7,293
25974,-8.046,-58.163,1,7,345
25984,-7.554,-56.89,1,7,297
25994,-7.063,-55.89,1,7,330
26004,-6.568,-55.179,1,7,326
26014,-6.071,-54.719,1,7,301
26024,-5.559,-54.213,1,7,345
26034,-5.026,-53.487,1,7,305
26044,-4.487,-52.647,1,7,340
26054,-3.927,-51.368,1,7,332
26064,-3.295,-48.969,1,7,305
26074,-2.673,-47.184,1,7,353
26084,-2.036,-45.584,1,7,301
26094,-1.388,-44.333,1,7,340
26104,-0.743,-43.574,1,7,340
26114,-0.092,-43.024,1,7,304
26124,0.57,-42.524,1,7,357
26134,1.252,-41.905,1,7,314
26144,1.954,-41.175,1,7,349
26154,2.676,-40.312,1,7,340
26164,3.452,-38.719,1,7,311
26174,4.27,-36.678,1,7,358
26184,5.091,-34.816,1,7,318
26194,5.92,-32.978,1,7,344
26204,6.754,-31.213,1,7,341
26214,7.595,-29.488,1,7,306
26224,8.459,-27.583,1,7,353
26234,9.329,-25.842,1,7,312
26244,10.204,-24.219,1,7,341
26254,11.088,-22.611,1,7,344
26264,11.98,-21.008,1,7,313
26274,12.9,-19.061,1,7,362
26284,13.856,-16.686,1,7,315
26294,14.841,-13.964,1,7,346
26304,15.85,-11.014,1,7,345
26314,16.874,-7.976,1,7,311
26324,17.925,-4.692,0,8,359
26334,19.005,-1.131,0,8,318
26344,20.098,2.356,0,8,347
26354,21.212,5.932,0,8,348
26364,22.4,10.479,-1,8,312
26374,23.621,15.143,-1,8,359
26384,24.87,19.864,-1,8,315
26394,26.125,24.358,-1,8,346
26404,27.392,28.825,-1,8,345
26414,28.677,33.351,-1,8,310
26424,29.975,37.865,-1,8,353
26434,31.271,42.125,-1,8,311
26444,32.568,46.296,-1,8,340
26454,33.867,50.402,-1,8,340
26464,35.177,54.598,-1,8,311
26474,36.498,58.907,-1,8,355
26484,37.805,62.865,-1,8,318
26494,39.095,66.458,-1,8,343
26504,40.377,69.93,-1,8,348
26514,41.662,73.536,-1,8,310
26524,42.956,77.426,-1,8,358
26534,44.251,81.45,-1,8,321
26544,45.528,85.242,-1,8,345
26554,46.787,88.818,-1,8,341
26564,48.02,92.155,-1,8,319
26574,49.269,96.034,-1,8,369
26584,50.48,99.429,-1,8,320
26594,51.66,102.798,-1,8,350
26604,52.828,106.439,-1,8,351
26614,53.971,110.013,-1,8,320
26624,55.071,113.082,-1,8,361
26634,56.108,115.294,-1,8,323
26644,57.066,116.598,-1,8,351
26654,57.962,117.533,-1,8,347
26664,58.798,118.271,-1,8,310
26674,59.577,118.936,-1,8,364
26684,60.32,120.02,-1,8,319
26694,61.034,121.584,-1,8,346
26704,61.723,123.315,-1,8,348
26714,62.38,124.595,-1,8,311
26724,62.99,124.909,-1,8,365
26734,63.555,124.631,-1,8,315
26744,64.089,124.43,-1,8,341
26754,64.589,124.394,-1,8,347
26764,65.062,124.487,-1,8,313
26774,65.523,124.615,-1,8,361
26784,65.927,124.091,-1,8,324
26794,66.26,123.36,-1,8,348
26804,66.565,122.709,-1,8,352
26814,66.857,122.056,-1,8,314
26824,67.133,121.236,-1,8,363
26834,67.378,120.268,-1,8,316
26844,67.573,118.983,-1,8,347
26854,67.746,117.893,-1,8,347
26864,67.9,117.065,-1,8,311
26874,68.01,116.243,-1,8,362
26884,68.062,115.253,-1,8,323
26894,68.074,114.214,-1,8,338
26904,68.066,113.288,-1,8,351
26914,68.043,112.393,-1,8,305
26924,68.01,111.577,-1,8,360
26934,67.946,110.551,-1,8,316
26944,67.846,109.288,-1,8,347
26954,67.705,107.809,-1,8,357
26964,67.509,105.895,-1,8,314
26974,67.271,103.873,-1,8,362
26984,67.054,102.737,-1,8,324
26994,66.841,101.933,-1,8,345
27004,66.616,101.293,-1,8,352
27014,66.377,100.679,-1,8,317
27024,66.101,99.719,-1,8,353
27034,65.791,98.503,-1,8,321
27044,65.453,97.122,-1,8,343
27054,65.062,95.199,-1,8,344
27064,64.607,92.773,-1,8,313
27074,64.097,90.293,-1,8,363
27084,63.551,88.124,-1,8,324
27094,62.985,86.327,-1,8,354
27104,62.395,84.525,-1,8,357
27114,61.757,82.127,-1,8,310
27124,61.055,78.94,-1,8,366
27134,60.283,75.113,-1,8,323
27144,59.451,71.131,-1,8,349
27154,58.586,67.467,-1,8,357
27164,57.693,64.006,-1,8,312
27174,56.765,60.461,-1,8,365
27184,55.806,56.876,-1,8,325
