timestamp_ms,imu_pitch_deg,imu_pitch_vel,state,rep_id,ecg_raw,ecg_env
7334,-0.008,-0.164,0,0,316,0.5088794510812518
7344,-0.757,-12.807,1,0,282,0.6983700839743382
7354,-1.511,-23.478,1,0,297,0.8867989688266267
7364,-2.204,-31.526,1,0,315,1.0702082356405096
7374,-2.833,-37.571,1,0,268,1.2459431500572804
7384,-3.428,-42.609,1,0,321,1.4125241543664697
7394,-4.019,-47.408,1,0,282,1.569259200659708
7404,-4.617,-52.159,1,0,297,1.715925241883015
7414,-5.208,-56.617,1,0,311,1.852606842701654
7424,-5.741,-59.782,1,0,274,1.979585680292838
7434,-6.203,-61.576,1,0,326,2.0972105451195446
7444,-6.585,-61.861,1,0,287,2.2058107567262217
7454,-6.871,-60.805,1,0,298,2.3056895527703953
7464,-7.091,-59.377,1,0,322,2.397117020981288
7474,-7.275,-58.126,1,0,277,2.4802847272400186
7484,-7.44,-57.164,1,0,331,2.5553029192069485
7494,-7.609,-56.861,1,0,302,2.622308240373724
7504,-7.81,-57.657,1,0,308,2.681635035738358
7514,-8.051,-59.479,1,0,331,2.733925923930261
7524,-8.305,-61.649,1,0,286,2.780097426216073
7534,-8.551,-63.773,1,0,333,2.821195435636725
7544,-8.756,-65.227,1,0,302,2.858245976833681
7554,-8.882,-65.381,1,0,310,2.892159354984
7564,-8.917,-64.115,1,0,327,2.9236819599585777
7574,-8.875,-61.972,1,0,283,2.9534110505217392
7584,-8.778,-59.526,1,0,331,2.9818720750392846
7594,-8.621,-56.795,1,0,303,3.0095630408567424
7604,-8.409,-53.878,1,0,308,3.0368995855338365
7614,-8.148,-50.969,1,0,324,3.064143829817054
7624,-7.833,-47.955,1,0,278,3.0914335355239575
7634,-7.502,-45.515,1,0,333,3.11889606852147
7644,-7.161,-43.593,1,0,293,3.1467100671846104
7654,-6.821,-42.053,1,0,303,3.175029942243562
7664,-6.489,-40.861,1,0,326,3.2038521557965165
7674,-6.169,-39.929,1,0,273,3.2329599805003935
7684,-5.848,-38.999,1,0,319,3.2619896809446653
7694,-5.516,-38.102,1,0,289,3.290532657047977
7704,-5.166,-37.406,1,0,301,3.3181573331232515
7714,-4.8,-36.907,1,0,319,3.344387134327631
7724,-4.39,-35.932,1,0,277,3.368777566340866
7734,-3.935,-34.458,1,0,323,3.3910826311136995
7744,-3.471,-33.189,1,0,287,3.411360416268134
7754,-3.01,-32.213,1,0,288,3.42993991308454
7764,-2.544,-31.328,1,0,309,3.4472832670004876
7774,-2.096,-30.988,1,0,262,3.463817776215313
7784,-1.677,-31.263,1,0,307,3.4798055917816986
7794,-1.285,-31.981,1,0,277,3.49527278787654
7804,-0.918,-33.109,1,0,274,3.5099853805584695
7814,-0.562,-34.374,1,0,294,3.5235025162209825
7824,-0.227,-35.825,1,0,250,3.5353416070645935
7834,0.102,-36.962,1,0,295,3.5451745210038736
7844,0.424,-37.738,1,0,271,3.5529178273312256
7854,0.74,-38.435,1,0,269,3.5586794364253227
7864,1.056,-39.097,1,0,296,3.5626363453222507
7874,1.357,-39.934,1,0,258,3.564927126659651
7884,1.652,-40.631,1,0,300,3.565570059920441
7894,1.954,-40.896,1,0,274,3.564385884208167
7904,2.262,-40.955,1,0,283,3.5609663263077636
7914,2.562,-41.167,1,0,306,3.554736746878309
7924,2.861,-41.333,1,0,265,3.5450708665932065
7934,3.172,-41.176,1,0,312,3.5314028702493974
7944,3.484,-40.944,1,0,286,3.5133368365154567
7954,3.796,-40.71,1,0,284,3.490724094004143
7964,4.127,-40.199,1,0,309,3.4636270494155985
7974,4.493,-39.276,1,0,257,3.4321909954272463
7984,4.883,-38.14,1,0,304,3.3965900790673635
7994,5.291,-36.847,1,0,284,3.3570754488991867
8004,5.705,-35.566,1,0,287,3.313958234589873
8014,6.128,-34.265,1,0,319,3.2675249726734124
8024,6.571,-32.835,1,0,266,3.2180131393978635
8034,7.042,-31.216,1,0,312,3.165608202618338
8044,7.583,-28.799,1,0,280,3.1104305678932396
8054,8.152,-26.398,1,0,287,3.0526055546742774
8064,8.767,-23.736,1,0,307,2.992393662587406
8074,9.432,-20.816,1,0,268,2.930246524078621
8084,10.133,-17.904,1,0,317,2.8667395198499723
8094,10.862,-15.06,1,0,291,2.8024322331850997
8104,11.61,-12.325,1,0,288,2.737732026279206
8114,12.377,-9.627,1,0,323,2.6728195264377725
8124,13.163,-6.922,1,0,275,2.6076677347301684
8134,13.967,-4.231,0,0,326,2.5421638959335655
8144,14.791,-1.52,0,0,299,2.4762994641102902
8154,15.64,1.299,0,0,302,2.410322941913103
8164,16.515,4.278,0,0,318,2.3447406007639717
8174,17.416,7.463,0,0,275,2.2801627845364827
8184,18.343,10.84,-1,0,328,2.217121869071274
8194,19.293,14.417,-1,0,298,2.1559733374386925
8204,20.265,18.129,-1,0,295,2.0968854948014655
8214,21.255,21.915,-1,0,320,2.039898810669526
8224,22.274,25.975,-1,0,281,1.9850380047147078
8234,23.333,30.478,-1,0,330,1.9323895349175102
8244,24.471,36.061,-1,0,305,1.8820638798747282
8254,25.625,41.578,-1,0,299,1.8341002712046086
8264,26.798,47.03,-1,0,333,1.7884407166999554
8274,27.986,52.378,-1,0,285,1.7450069939165163
8284,29.187,57.627,-1,0,340,1.703783047017877
8294,30.391,62.744,-1,0,313,1.6648086911228597
8304,31.597,67.771,-1,0,313,1.6281353099999656
8314,32.807,72.764,-1,0,346,1.5938282425982433
8324,34.023,77.779,-1,0,300,1.5619753740616327
8334,35.237,82.641,-1,0,342,1.532659396210334
8344,36.449,87.363,-1,0,320,1.5059348222953735
8354,37.658,91.969,-1,0,325,1.481821355930779
8364,38.865,96.52,-1,0,354,1.4603113904936407
8374,40.067,100.963,-1,0,308,1.4414165044297722
8384,41.261,105.246,-1,0,354,1.425219313699649
8394,42.437,109.303,-1,0,331,1.4118666174350778
8404,43.584,113.01,-1,0,323,1.4015123705353523
8414,44.696,116.373,-1,0,358,1.3942651401675599
8424,45.77,119.319,-1,0,314,1.3901633818955794
8434,46.797,121.783,-1,0,351,1.389164469365493
8444,47.785,123.989,-1,0,327,1.3911450142171422
8454,48.76,126.286,-1,0,329,1.3959326779574495
8464,49.701,128.057,-1,0,355,1.4033597354585083
8474,50.608,129.492,-1,0,308,1.4132846274578528
8484,51.482,130.79,-1,0,355,1.425559931534267
8494,52.293,131.516,-1,0,336,1.439997498728968
8504,53.037,131.775,-1,0,322,1.4563675366089512
8514,53.709,131.604,-1,0,352,1.4744192499289794
8524,54.269,130.291,-1,0,309,1.4939176742887867
8534,54.739,128.313,-1,0,353,1.5146684989646828
8544,55.154,126.247,-1,0,332,1.5364907441852325
8554,55.541,124.363,-1,0,326,1.5591691128036262
8564,55.917,122.731,-1,0,348,1.5824422575789072
8574,56.287,121.443,-1,0,311,1.6060321599021412
8584,56.641,120.349,-1,0,353,1.6296765078212192
8594,56.972,119.397,-1,0,333,1.6531450521875348
8604,57.296,118.837,-1,0,331,1.6762692225397184
8614,57.626,118.971,-1,0,350,1.6989604110770504
8624,57.95,119.642,-1,0,311,1.7211482568406302
8634,58.236,120.283,-1,0,353,1.7426898287449815
8644,58.48,120.42,-1,0,336,1.763366234156103
8654,58.596,118.357,-1,0,324,1.7829452180988261
8664,58.673,116.119,-1,0,345,1.8012073881634423
8674,58.712,114.59,-1,0,309,1.8179667810498934
8684,58.73,113.764,-1,0,349,1.8331390496578899
8694,58.729,113.217,-1,0,332,1.8467638231696537
8704,58.7,112.498,-1,0,325,1.8589579918561225
8714,58.595,110.728,-1,0,354,1.869894084260528
8724,58.387,107.656,-1,0,306,1.8797890833018633
8734,58.089,103.825,-1,0,348,1.888871118183486
8744,57.745,100.225,-1,0,325,1.8973708521066108
8754,57.401,97.632,-1,0,321,1.90551900812705
8764,57.066,96.031,-1,0,356,1.9135118715353256
8774,56.724,94.94,-1,0,306,1.9214835035320992
8784,56.344,93.676,-1,0,347,1.9294957146748783
8794,55.901,91.564,-1,0,325,1.9375172365922748
8804,55.389,88.523,-1,0,317,1.9454128736808871
8814,54.834,85.276,-1,0,349,1.9529692749931624
8824,54.264,82.377,-1,0,303,1.9599368489398044
8834,53.687,79.789,-1,0,344,1.966058973309971
8844,53.116,77.53,-1,0,323,1.9710676573805845
8854,52.551,75.484,-1,0,323,1.9746547175119178
8864,51.952,73.108,-1,0,353,1.9764924694218136
8874,51.296,70.763,-1,0,306,1.9763440707476316
8884,50.554,68.187,-1,0,348,1.9741689756296292
8894,49.698,64.83,-1,0,322,1.9701064408922144
8904,48.748,60.751,-1,0,313,1.9643556536788311
8914,47.767,56.477,-1,0,346,1.9570806506533052
8924,46.809,52.702,-1,0,303,1.948391700654773
8934,45.89,49.678,-1,0,340,1.9383331283269207
8944,45.011,47.32,-1,0,326,1.9268531648782004
8954,44.162,45.234,-1,0,311,1.913802088182954
8964,43.333,43.149,-1,0,341,1.8989998548607419
8974,42.515,40.995,-1,0,295,1.8823829827753424
8984,41.685,38.62,-1,0,341,1.8641251958769982
8994,40.83,36.061,-1,0,328,1.8446045510984472
9004,39.953,33.501,-1,0,316,1.8242912856827749
9014,39.054,31.012,-1,0,348,1.8036964361017114
9024,38.14,28.653,-1,0,303,1.7833475356006652
9034,37.227,26.565,-1,0,343,1.7637226872643792
9044,36.323,24.703,-1,0,327,1.745200928883505
9054,35.425,22.917,-1,0,320,1.7280942240962804
9064,34.384,18.703,-1,0,348,1.7127190680705677
9074,33.51,17.632,-1,0,303,1.69941452476411
9084,32.665,16.893,-1,0,345,1.6884830633516161
9094,31.898,17.08,-1,0,325,1.6801189484008099
9104,31.144,17.582,-1,0,314,1.6743721750115692
9114,30.26,16.18,-1,0,349,1.6711394115213
9124,29.361,14.39,-1,0,301,1.670178377745595
9134,28.493,12.889,-1,0,342,1.67115770212737
9144,27.633,11.312,-1,0,318,1.6737289309499126
9154,26.775,9.663,-1,0,312,1.6775797029991766
9164,25.915,7.953,-1,0,350,1.682432693453675
9174,25.042,6.019,-1,0,299,1.6879971329138905
9184,24.158,3.96,0,0,340,1.6939370636338535
9194,23.276,1.99,0,0,327,1.6999130495022123
9204,22.405,0.276,0,0,310,1.705651076098765
9214,21.55,-1.172,0,0,344,1.7109472745366359
9224,20.699,-2.531,0,0,290,1.71562435960852
9234,19.854,-3.826,0,0,336,1.7195148984256188
9244,19.013,-5.109,0,0,324,1.7224615779303112
9254,18.169,-6.524,0,0,308,1.7243189298411437
9264,17.305,-8.415,0,0,343,1.7249990399130088
9274,16.407,-11.049,1,0,298,1.7245254949322752
9284,15.539,-13.092,1,0,332,1.723007961321592
9294,14.704,-14.458,1,0,316,1.7205726145515639
9304,13.882,-15.414,1,0,300,1.7173590506133163
9314,13.044,-16.383,1,0,340,1.713591569538695
9324,12.162,-17.75,1,0,289,1.7096305480932024
9334,11.214,-20.079,1,0,338,1.7059397435624986
9344,10.184,-23.882,1,0,318,1.702992091456137
9354,9.067,-29.004,1,0,304,1.7011857647332056
9364,7.871,-35.022,1,0,340,1.700818907886868
9374,6.619,-41.482,1,0,298,1.7021006367843563
9384,5.368,-47.638,1,0,333,1.7051522975813984
9394,4.225,-52.046,1,0,312,1.71000415010835
9404,3.211,-54.712,1,0,299,1.7166068605148161
9414,2.274,-56.893,1,0,345,1.724844166955913
9424,1.344,-59.799,1,0,290,1.7345638813311997
9434,0.374,-63.828,1,0,330,1.745636622947487
9444,-0.707,-69.708,1,0,305,1.7579729984829335
9454,-1.969,-77.782,1,0,290,1.7714901712608846
9464,-3.343,-86.26,1,0,331,1.7860935151833506
9474,-4.691,-93.224,1,0,285,1.8016800146226246
9484,-5.827,-96.626,1,0,316,1.8181648153347791
9494,-6.794,-98.474,1,0,297,1.83552171626545
9504,-7.681,-99.872,1,0,283,1.8537633935569158
9514,-8.575,-101.504,1,0,314,1.8728615018126866
9524,-9.513,-103.465,1,0,269,1.892691640504244
9534,-10.474,-105.72,1,0,305,1.9130381286437017
9544,-11.383,-107.833,1,0,284,1.933628528187213
9554,-12.241,-110.163,1,0,270,1.9541649248890838
9564,-13.086,-112.797,1,0,296,1.9743849572703476
9574,-13.924,-114.859,1,0,254,1.9941589877457646
9584,-14.694,-115.093,1,0,301,2.013510580011564
9594,-15.391,-114.27,1,0,277,2.032525713411828
9604,-16.033,-113.462,1,0,262,2.051263333395461
9614,-16.621,-112.922,1,0,297,2.0697397571670395
9624,-17.159,-112.481,1,0,245,2.0879753494680067
9634,-17.639,-111.707,1,0,297,2.106038063355652
9644,-18.083,-110.961,1,0,277,2.1240228673352126
9654,-18.515,-110.613,1,0,261,2.14202220030223
9664,-18.951,-110.761,1,0,298,2.16014234373994
9674,-19.387,-111.291,1,0,250,2.1784937775321875
9684,-19.753,-111.173,1,0,287,2.1971245454680908
9694,-20.025,-110.536,1,0,268,2.2159792369083093
9704,-20.157,-109.069,1,0,257,2.2349142891551432
9714,-20.14,-106.86,1,0,294,2.2537130946260957
9724,-20.006,-104.296,1,0,247,2.272101901080961
9734,-19.786,-101.418,1,0,289,2.2898354459134076
9744,-19.503,-98.174,1,0,270,2.306819510939311
9754,-19.177,-94.678,1,0,245,2.3231300027009683
9764,-18.836,-91.5,1,0,285,2.33889768552464
9774,-18.495,-89.025,1,0,236,2.354182535385414
9784,-18.17,-87.542,1,0,277,2.368926878978645
9794,-17.844,-86.652,1,0,260,2.382963376127217
9804,-17.486,-85.687,1,0,235,2.3960343404384314
9814,-17.107,-84.608,1,0,272,2.4078533072937405
9824,-16.702,-83.149,1,0,225,2.4182433105604004
9834,-16.279,-81.476,1,0,273,2.427236140856687
9844,-15.87,-80.152,1,0,249,2.4350001388845652
9854,-15.467,-79.039,1,0,241,2.4416689481255553
9864,-15.055,-77.827,1,0,279,2.4472248899548994
9874,-14.615,-76.247,1,0,230,2.451471150026492
9884,-14.121,-74.198,1,0,276,2.45404996400395
9894,-13.558,-71.504,1,0,262,2.4545182139789152
9904,-12.945,-68.536,1,0,258,2.4524928046923518
9914,-12.314,-65.809,1,0,282,2.4477475320832123
9924,-11.672,-63.485,1,0,234,2.4401815177219746
9934,-11.014,-61.529,1,0,282,2.429798255945813
9944,-10.333,-59.807,1,0,269,2.416781699883711
9954,-9.631,-58.291,1,0,263,2.401514475635486
9964,-8.909,-56.895,1,0,300,2.3844500663716666
9974,-8.154,-55.304,1,0,262,2.3659964853505553
9984,-7.376,-53.623,1,0,304,2.3465386014236556
9994,-6.572,-51.723,1,0,289,2.3265129137518734
10004,-5.761,-49.885,1,0,279,2.3064124022109715
10014,-4.959,-48.314,1,0,312,2.2867212994413344
10024,-4.158,-46.882,1,0,274,2.2678549236110324
10034,-3.34,-45.332,1,0,316,2.250153400901639
10044,-2.501,-43.675,1,0,300,2.233896152855756
10054,-1.643,-41.979,1,0,279,2.2192879665075704
10064,-0.761,-40.097,1,0,322,2.2064489972729753
10074,0.136,-38.214,1,0,282,2.1954377461106014
10084,1.043,-36.4,1,0,319,2.186250084762763
10094,1.981,-34.278,1,0,298,2.178786431102074
10104,2.99,-31.137,1,0,291,2.1728789093887775
10114,4.04,-27.594,1,0,321,2.1684049583621428
10124,5.122,-23.827,1,0,285,2.1653738962466687
10134,6.237,-19.823,1,0,324,2.1638870870012337
10144,7.376,-15.805,1,0,312,2.164037745389863
10154,8.539,-11.745,1,0,292,2.1658626217786163
10164,9.73,-7.618,1,0,331,2.1693323306736603
10174,10.952,-3.407,0,0,294,2.1743345157750023
10184,12.218,1.14,0,0,326,2.180678396762409
10194,13.53,6.058,0,0,313,2.1881424319237297
10204,14.884,11.297,-1,0,300,2.1965309201338106
10214,16.251,16.364,-1,0,341,2.205708555235099
10224,17.636,21.38,-1,0,295,2.215612002975948
10234,19.05,26.506,-1,0,327,2.2262266520396925
10244,20.478,31.53,-1,0,314,2.237531065310312
10254,21.934,36.735,-1,0,303,2.2495031253854507
10264,23.419,42.109,-1,0,334,2.2622471910049855
10274,24.93,47.554,-1,0,299,2.276104773042822
10284,26.463,53.007,-1,0,337,2.2915968260544934
10294,28.026,58.599,-1,0,335,2.3092533145651544
10304,29.665,65.121,-1,0,305,2.329489464114456
10314,31.321,71.481,-1,0,350,2.3526057201015385
10324,32.981,77.535,-1,0,310,2.3788495263703857
10334,34.638,83.341,-1,0,352,2.408427421467725
10344,36.28,88.791,-1,0,345,2.4414756883165403
10354,37.903,93.862,-1,0,317,2.4780674726098253
10364,39.521,98.758,-1,0,365,2.518238663291174
10374,41.155,103.876,-1,0,329,2.562001851103688
10384,42.799,109.159,-1,0,358,2.609383927275023
10394,44.43,114.282,-1,0,346,2.66047438158635
10404,46.038,119.164,-1,0,329,2.715402911171283
10414,47.626,123.952,-1,0,367,2.7742277396442367
10424,49.196,128.788,-1,0,328,2.836818793476897
10434,50.742,133.611,-1,0,355,2.9028010676440723
10444,52.26,138.394,-1,0,349,2.9715431377500754
10454,53.75,143.172,-1,0,326,3.0421761159714067
10464,55.182,147.48,-1,0,365,3.113654033760633
10474,56.529,150.948,-1,0,322,3.1848333249167187
10484,57.775,153.451,-1,0,348,3.254526729332257
10494,58.905,154.967,-1,0,344,3.321533409742909
10504,59.921,155.671,-1,0,318,3.3846862924830736
10514,60.791,154.905,-1,0,358,3.442911443875431
10524,61.588,153.768,-1,0,319,3.495219860731629
10534,62.354,152.739,-1,0,348,3.540608389630251
10544,63.088,151.831,-1,0,348,3.5780101450383586
10554,63.792,151.216,-1,0,322,3.606396343434216
10564,64.484,151.304,-1,0,358,3.624915452319994
10574,65.148,151.622,-1,0,314,3.632954436341335
10584,65.755,151.531,-1,0,346,3.6301574509847687
10594,66.294,150.824,-1,0,335,3.6164254551501056
10604,66.764,149.563,-1,0,307,3.591838797105416
10614,67.152,147.699,-1,0,336,3.556535853987394
10624,67.457,145.373,-1,0,296,3.5107061701757414
10634,67.692,142.966,-1,0,327,3.454722476953221
10644,67.88,140.909,-1,0,325,3.3892485047973113
10654,68.03,139.002,-1,0,295,3.3152385599856613
10664,68.123,136.61,-1,0,341,3.2338713946884776
10674,68.161,133.771,-1,0,305,3.146442120347138
10684,68.14,130.572,-1,0,340,3.0542616686007737
10694,68.047,127.061,-1,0,333,2.9586583344021546
10704,67.904,123.8,-1,0,303,2.8610355755378123
10714,67.738,120.981,-1,0,352,2.7628338796237655
10724,67.565,118.479,-1,0,302,2.6653998146240334
10734,67.373,116.221,-1,0,342,2.569894150568334
10744,67.071,113.108,-1,0,335,2.477287590301336
10754,66.686,109.792,-1,0,310,2.388392003216303
10764,66.233,106.012,-1,0,349,2.303885303530679
10774,65.744,102.048,-1,0,313,2.224332352575622
10784,65.299,99.344,-1,0,344,2.1501930800294096
10794,64.941,98.404,-1,0,338,2.0818111469251654
10804,64.675,98.973,-1,0,316,2.0194034071364024
10814,64.475,100.647,-1,0,356,1.9630443458689655
10824,64.295,102.786,-1,0,313,1.9126458778366542
10834,64.05,103.448,-1,0,348,1.8679825201562998
10844,63.632,100.898,-1,0,342,1.828770741786814
10854,63.084,96.982,-1,0,311,1.7947235276074671
10864,62.455,92.926,-1,0,356,1.7655198445540672
10874,61.77,88.996,-1,0,312,1.7407341854222707
10884,61.032,85.06,-1,0,340,1.7198032878139655
10894,60.222,80.722,-1,0,337,1.7020426390705294
10904,59.327,75.92,-1,0,302,1.686708779229291
10914,58.356,70.969,-1,0,346,1.6731267411155286
10924,57.308,65.785,-1,0,305,1.6608310309782726
10934,56.24,61.171,-1,0,339,1.6495950255979885
10944,55.163,57.213,-1,0,330,1.6393186790813563
10954,54.078,53.753,-1,0,308,1.6298973769400404
10964,52.986,50.604,-1,0,353,1.6211854997352657
10974,51.889,47.523,-1,0,307,1.6130416336463724
10984,50.802,44.487,-1,0,339,1.6053838875833757
10994,49.725,41.306,-1,0,327,1.598198906786643
11004,48.649,37.862,-1,0,309,1.591485232355734
11014,47.574,34.331,-1,0,350,1.5851755894510455
11024,46.511,31.022,-1,0,305,1.5791095643454862
11034,45.459,28.102,-1,0,337,1.5730737325309858
11044,44.415,25.658,-1,0,333,1.566855540430061
11054,43.367,23.662,-1,0,303,1.5602771120956036
11064,42.306,21.938,-1,0,341,1.5532607535888814
11074,41.244,20.501,-1,0,306,1.545923188602057
11084,40.184,19.162,-1,0,339,1.5385814223480816
11094,39.137,17.933,-1,0,337,1.5316618230246786
11104,38.122,17.103,-1,0,305,1.525632936842973
11114,37.128,16.502,-1,0,348,1.5209837861787372
11124,36.109,15.463,-1,0,313,1.5181904750540243
11134,35.062,14.058,-1,0,334,1.5176775125276416
11144,33.986,12.327,-1,0,328,1.5197994240592965
11154,32.909,10.457,-1,0,305,1.5248391155136358
11164,31.847,8.676,-1,0,345,1.533028599813278
11174,30.797,6.988,-1,0,305,1.5445774678367943
11184,29.735,5.062,-1,0,331,1.559666446451166
11194,28.644,2.674,0,0,330,1.5784260431007684
11204,27.517,-0.313,0,0,302,1.6009549824429188
11214,26.357,-3.931,0,0,347,1.6273566920335276
11224,25.177,-7.933,0,0,300,1.6577335917352065
11234,24.008,-11.756,1,0,323,1.6921370235421547
11244,22.857,-15.146,1,0,325,1.7305294599382364
11254,21.719,-18.051,1,0,297,1.7727928885554687
11264,20.568,-20.799,1,0,340,1.8187428135872767
11274,19.396,-23.596,1,0,298,1.8681047670630657
11284,18.211,-26.325,1,0,324,1.9204779043527478
11294,17.009,-28.995,1,0,325,1.975323410896155
11304,15.775,-31.861,1,0,298,2.031974026857722
11314,14.528,-35.246,1,0,341,2.089654485839279
11324,13.31,-38.424,1,0,295,2.1475100806858465
11334,12.194,-39.871,1,0,326,2.204624552563343
11344,11.093,-41.047,1,0,317,2.260046367704992
11354,10.02,-42.606,1,0,284,2.312902897852804
11364,8.948,-45.096,1,0,333,2.362591218145423
11374,7.811,-49.297,1,0,298,2.4088754188663817
11384,6.574,-55.137,1,0,319,2.4517826723360665
11394,5.303,-61.011,1,0,324,2.4914327438037818
11404,4.1,-65.286,1,0,296,2.527993651441323
11414,3.03,-67.454,1,0,338,2.5617594559033168
11424,2.083,-68.386,1,0,291,2.5932216944266084
11434,1.212,-69.479,1,0,315,2.6230658375092992
11444,0.356,-71.772,1,0,311,2.6520900399814673
11454,-0.5,-75.128,1,0,279,2.6810704366137648
11464,-1.388,-79.267,1,0,321,2.710632641353301
11474,-2.319,-83.653,1,0,274,2.7411897590159757
11484,-3.291,-88.009,1,0,297,2.772944220733815
11494,-4.209,-91.253,1,0,294,2.8059201651895074
11504,-5.002,-93.203,1,0,256,2.8400376864352683
11514,-5.721,-94.91,1,0,301,2.8752082853935206
11524,-6.385,-96.261,1,0,258,2.9113554961985555
11534,-7.021,-97.559,1,0,291,2.948362666248213
11544,-7.815,-101.958,1,0,275,2.986033743000513
11554,-8.675,-106.773,1,0,239,3.0240604172809364
11564,-9.547,-111.172,1,0,290,3.0619878691485947
11574,-10.428,-115.601,1,0,244,3.0992112944121173
11584,-11.314,-120.095,1,0,266,3.134971063847032
11594,-12.145,-123.453,1,0,256,3.1683641638967814
11604,-12.855,-124.645,1,0,230,3.198465921894181
11614,-13.418,-123.614,1,0,277,3.2245116679673274
11624,-13.802,-120.394,1,0,235,3.2459560618689434
11634,-14.044,-116.41,1,0,265,3.2624025030140293
11644,-14.217,-113.364,1,0,270,3.2735915078522435
11654,-14.319,-111.262,1,0,232,3.279465049194832
11664,-14.343,-109.807,1,0,272,3.280125503737443
11674,-14.32,-108.716,1,0,236,3.275687786405232
11684,-14.279,-107.542,1,0,266,3.2662239771484116
11694,-14.225,-106.258,1,0,264,3.251865693924623
11704,-14.163,-105.24,1,0,232,3.232895557842491
11714,-14.113,-104.798,1,0,270,3.2096784408976773
11724,-14.07,-104.521,1,0,231,3.1825184452280064
11734,-14.011,-103.935,1,0,262,3.1516026202783554
11744,-13.928,-103.008,1,0,260,3.1170477187619934
11754,-13.78,-101.28,1,0,224,3.079011217142876
11764,-13.543,-98.64,1,0,276,3.0378472942444814
11774,-13.269,-96.195,1,0,241,2.9942130845526647
11784,-13.008,-94.555,1,0,272,2.94900463203014
11794,-12.744,-93.188,1,0,276,2.903152125717716
11804,-12.467,-91.835,1,0,245,2.8574437918441764
11814,-12.174,-90.423,1,0,299,2.812481067574241
11824,-11.86,-88.951,1,0,263,2.768731891899586
11834,-11.514,-87.247,1,0,287,2.726624549561667
11844,-11.089,-84.545,1,0,292,2.686623956531739
11854,-10.574,-80.98,1,0,263,2.64922293819564
11864,-10.01,-77.461,1,0,314,2.614855485542981
11874,-9.429,-74.436,1,0,275,2.583826000510072
11884,-8.847,-72.089,1,0,302,2.5563127770745004
11894,-8.259,-70.163,1,0,306,2.532397174785007
11904,-7.647,-68.274,1,0,274,2.512069635345348
11914,-7.0,-66.262,1,0,323,2.4952540489450312
11924,-6.315,-64.087,1,0,288,2.481865698699093
11934,-5.582,-61.603,1,0,307,2.4718238460179203
11944,-4.801,-58.79,1,0,322,2.4649909708233992
11954,-3.982,-55.745,1,0,286,2.46110915180617
11964,-3.141,-52.718,1,0,335,2.4597770846470572
11974,-2.264,-49.606,1,0,300,2.460465283608314
11984,-1.323,-46.056,1,0,323,2.462587893721235
11994,-0.322,-42.193,1,0,324,2.465597862072852
12004,0.728,-38.16,1,0,292,2.4690070037683802
12014,1.811,-34.138,1,0,329,2.472363358434332
12024,2.918,-30.104,1,0,294,2.4752914746062706
12034,4.032,-26.255,1,0,323,2.4775273268628557
12044,5.154,-22.436,1,0,325,2.47886150054425
12054,6.302,-18.451,1,0,295,2.4790897088880515
12064,7.493,-14.092,1,0,338,2.4780387667523325
12074,8.731,-9.432,1,0,292,2.475570403924939
12084,10.009,-4.593,0,1,316,2.4715112519461537
12094,11.34,0.619,0,1,315,2.4656192342107075
12104,12.744,6.54,0,1,285,2.457679381208081
12114,14.206,12.919,-1,1,326,2.4476276038075717
12124,15.696,19.343,-1,1,298,2.435555614551071
12134,17.2,25.612,-1,1,326,2.4216759606001093
12144,18.714,31.711,-1,1,320,2.406395060919369
12154,20.325,39.103,-1,1,290,2.390383053158093
12164,21.974,46.564,-1,1,330,2.3744703930101743
12174,23.649,53.892,-1,1,296,2.3594623134643653
12184,25.319,60.69,-1,1,320,2.3460295780841633
12194,26.968,66.781,-1,1,319,2.3346747984013865
12204,28.595,72.295,-1,1,295,2.325738923177177
12214,30.229,77.785,-1,1,336,2.3194660316058977
12224,31.883,83.51,-1,1,299,2.316099062657714
12234,33.566,89.593,-1,1,326,2.315906394994961
12244,35.244,95.445,-1,1,336,2.3191033513756816
12254,36.907,100.933,-1,1,302,2.325768581517456
12264,38.554,106.085,-1,1,347,2.335853087518748
12274,40.21,111.284,-1,1,310,2.349239817419534
12284,41.894,116.848,-1,1,340,2.365749416577377
12294,43.627,123.162,-1,1,349,2.385083308131886
12304,45.407,130.184,-1,1,309,2.4067724543343236
12314,47.18,137.074,-1,1,357,2.4301664751971215
12324,48.889,143.151,-1,1,331,2.4544745930374603
12334,50.492,148.072,-1,1,353,2.4789033962621567
12344,51.979,152.01,-1,1,354,2.5028761510843824
12354,53.364,155.171,-1,1,322,2.5261534201392424
12364,54.646,157.509,-1,1,358,2.5487196247380455
12374,55.855,159.417,-1,1,327,2.5705620784393406
12384,57.0,161.068,-1,1,346,2.5915285018181478
12394,58.076,162.291,-1,1,352,2.6112865234924665
12404,59.092,163.199,-1,1,312,2.6293439684240334
12414,60.078,164.148,-1,1,353,2.6451547650689067
12424,61.022,164.858,-1,1,320,2.6583113217292182
12434,61.899,165.114,-1,1,337,2.6686688125378315
12444,62.703,165.114,-1,1,353,2.676267629704415
12454,63.426,164.747,-1,1,316,2.6811684164670653
12464,64.045,163.557,-1,1,357,2.68337013727092
12474,64.564,161.609,-1,1,320,2.6827877844306283
12484,65.005,158.917,-1,1,335,2.6792164304719805
12494,65.392,155.656,-1,1,342,2.672331061403057
12504,65.748,152.075,-1,1,307,2.661764600600182
12514,66.101,148.663,-1,1,354,2.647172686755456
12524,66.47,145.871,-1,1,322,2.6282075958974933
12534,66.88,144.011,-1,1,342,2.6045111993597567
12544,67.305,142.513,-1,1,351,2.575846152725761
12554,67.691,140.756,-1,1,311,2.5422540741461606
12564,67.823,135.568,-1,1,358,2.5040678990741894
12574,67.917,131.195,-1,1,315,2.4617740923160882
12584,67.923,126.39,-1,1,334,2.4158463853049437
12594,67.869,121.868,-1,1,338,2.3666893633441015
12604,67.814,118.607,-1,1,302,2.314732167128268
12614,67.798,116.796,-1,1,354,2.2605539373826193
12624,67.798,115.724,-1,1,316,2.2048962143047777
12634,67.77,114.749,-1,1,334,2.1485472047159475
12644,67.651,113.113,-1,1,343,2.092199432004055
12654,67.398,110.213,-1,1,311,2.036371318591706
12664,67.019,106.393,-1,1,355,1.98140218454223
12674,66.581,102.904,-1,1,322,1.927512410682883
12684,66.114,100.058,-1,1,338,1.8749179386070083
12694,65.631,97.798,-1,1,345,1.823911455542906
12704,65.129,95.854,-1,1,305,1.774839072759553
12714,64.581,93.623,-1,1,353,1.7280546543361426
12724,63.954,90.686,-1,1,321,1.6839246017573284
12734,63.231,87.058,-1,1,331,1.6428152046165492
12744,62.421,83.14,-1,1,347,1.60503721205287
12754,61.529,78.99,-1,1,311,1.5708104338086997
12764,60.566,74.616,-1,1,350,1.5402648881105814
12774,59.548,70.116,-1,1,319,1.5134538819130121
12784,58.539,66.581,-1,1,334,1.4903633619522463
12794,57.525,63.583,-1,1,345,1.4709153067357355
12804,56.494,60.78,-1,1,308,1.4549677560511756
12814,55.443,57.895,-1,1,345,1.442323719713677
12824,54.364,54.595,-1,1,321,1.4327569031243415
12834,53.252,50.757,-1,1,331,1.4260426632361656
12844,52.111,46.47,-1,1,346,1.4220039575900394
12854,50.959,42.043,-1,1,302,1.4205525463037643
12864,49.812,37.775,-1,1,350,1.4216589556428278
12874,48.685,33.912,-1,1,307,1.4252777161502632
12884,47.581,30.571,-1,1,329,1.431305202144478
12894,46.506,27.828,-1,1,339,1.4395630430145094
12904,45.456,25.633,-1,1,298,1.449783407221247
12914,44.413,23.672,-1,1,344,1.4616169309206646
12924,43.375,21.824,-1,1,304,1.4746623712455762
12934,42.354,20.254,-1,1,326,1.488473805328682
12944,41.362,19.108,-1,1,334,1.502542444963898
12954,40.388,18.265,-1,1,290,1.5163244247656529
12964,39.419,17.522,-1,1,341,1.5293373498694833
12974,38.446,16.801,-1,1,307,1.5412327819384688
12984,37.451,15.813,-1,1,326,1.5517996275837522
12994,36.454,14.899,-1,1,340,1.5609908939120989
13004,35.465,14.065,-1,1,297,1.5689880648086363
13014,34.488,13.229,-1,1,339,1.5761717735338008
13024,33.523,12.328,-1,1,304,1.5829783456222914
13034,32.556,11.17,-1,1,326,1.5897733082025096
13044,31.565,9.616,-1,1,332,1.5968127593406398
13054,30.538,7.619,-1,1,288,1.6042702900501855
13064,29.473,5.201,-1,1,343,1.6123071777811022
13074,28.385,2.475,0,1,303,1.6211359087108088
13084,27.304,-0.276,0,1,326,1.6310090585319226
13094,26.244,-2.852,0,1,334,1.642175047556542
13104,25.214,-4.969,0,1,295,1.6548697554581382
13114,24.211,-6.56,0,1,342,1.6693075323704019
13124,23.235,-7.692,0,1,305,1.685652902884296
13134,22.264,-8.697,0,1,319,1.7040001734647696
13144,21.297,-9.728,0,1,336,1.7243456509739072
13154,20.351,-10.577,1,1,296,1.7465539803534864
13164,19.435,-11.121,1,1,340,1.7703508862359318
13174,18.545,-11.442,1,1,307,1.7953514566085913
13184,17.614,-12.738,1,1,323,1.8211257461648163
13194,16.591,-15.608,1,1,334,1.8472688459264583
13204,15.436,-20.227,1,1,285,1.873431370387645
13214,14.209,-25.684,1,1,332,1.8993680688749264
13224,12.96,-31.299,1,1,300,1.9250246850110706
13234,11.725,-36.68,1,1,319,1.950538707095131
13244,10.504,-42.009,1,1,331,1.9761576342876523
13254,9.276,-47.579,1,1,286,2.002200524542761
13264,8.028,-53.472,1,1,329,2.029028833215932
13274,6.735,-59.949,1,1,297,2.0569570077572474
13284,5.417,-66.577,1,1,306,2.0861710846885146
13294,4.126,-72.579,1,1,319,2.1167088166661627
13304,2.902,-77.438,1,1,275,2.14846137273457
13314,1.75,-81.111,1,1,325,2.181167526179194
13324,0.663,-83.928,1,1,283,2.214424472122059
13334,-0.371,-86.356,1,1,301,2.247757923340732
13344,-1.346,-88.695,1,1,317,2.2807327575410032
13354,-2.366,-92.75,1,1,263,2.312996303675525
13364,-3.496,-98.561,1,1,307,2.3442285252304713
13374,-4.619,-103.108,1,1,277,2.3740860999332196
13384,-5.614,-104.669,1,1,292,2.4021552046737424
13394,-6.446,-104.038,1,1,302,2.4279083811500075
13404,-7.202,-104.264,1,1,249,2.450757951752811
13414,-7.933,-105.785,1,1,297,2.470254649475123
13424,-8.723,-108.752,1,1,271,2.4862850209034164
13434,-9.561,-112.089,1,1,286,2.499061385312834
13444,-10.386,-114.768,1,1,300,2.508927433723547
13454,-11.114,-115.973,1,1,252,2.516176990546851
13464,-11.811,-117.455,1,1,305,2.5209669894521514
13474,-12.49,-119.29,1,1,275,2.5233240100538903
13484,-13.124,-120.525,1,1,286,2.523289007343969
13494,-13.69,-120.546,1,1,301,2.5211400727170687
13504,-14.163,-119.181,1,1,250,2.517478110871227
13514,-14.566,-117.301,1,1,297,2.513091235100232
13524,-14.9,-115.215,1,1,265,2.50877007006216
13534,-15.14,-112.724,1,1,278,2.5052155414844965
13544,-15.302,-110.231,1,1,294,2.503007101475484
13554,-15.391,-107.859,1,1,249,2.5025878763399403
13564,-15.416,-105.668,1,1,298,2.504267556106485
13574,-15.401,-103.669,1,1,263,2.5082341197776925
13584,-15.369,-101.821,1,1,280,2.514554584633663
13594,-15.328,-100.118,1,1,296,2.523164509100444
13604,-15.37,-100.052,1,1,252,2.533867054072833
13614,-15.453,-100.535,1,1,299,2.546366169036601
13624,-15.571,-101.386,1,1,266,2.5603181567229067
13634,-15.672,-101.963,1,1,297,2.5753448876135407
13644,-15.746,-102.413,1,1,298,2.5910119422361637
13654,-15.777,-102.727,1,1,256,2.60683674568159
13664,-15.715,-102.307,1,1,308,2.6223938285211625
13674,-15.52,-100.838,1,1,276,2.6374853429546854
13684,-15.18,-98.17,1,1,299,2.6521911960560525
13694,-14.769,-95.265,1,1,321,2.666748233520418
13704,-14.356,-92.813,1,1,277,2.6814299872209246
13714,-13.946,-90.566,1,1,317,2.6964806186835877
13724,-13.551,-88.613,1,1,302,2.7120388646277003
13734,-13.147,-86.477,1,1,304,2.7281003669608017
13744,-12.707,-84.096,1,1,330,2.7445671740791138
13754,-12.248,-82.193,1,1,274,2.7612953301543453
13764,-11.761,-80.72,1,1,329,2.7780757793541566
13774,-11.238,-79.401,1,1,297,2.7945986500224524
13784,-10.668,-77.945,1,1,307,2.810434661620435
13794,-10.054,-76.396,1,1,327,2.8250493120628146
13804,-9.357,-74.109,1,1,284,2.8378908063371875
13814,-8.598,-71.49,1,1,331,2.8485159426893794
13824,-7.77,-68.454,1,1,296,2.8566597495983794
13834,-6.895,-65.303,1,1,300,2.86220029573984
13844,-5.986,-62.006,1,1,310,2.865045096587176
13854,-5.059,-58.699,1,1,273,2.865065058654026
13864,-4.099,-55.139,1,1,315,2.8621661280786466
13874,-3.089,-51.197,1,1,280,2.856384900765948
13884,-2.01,-46.721,1,1,298,2.8478631722618433
13894,-0.856,-41.709,1,1,309,2.8367493155046515
13904,0.368,-36.251,1,1,267,2.8231733447893497
13914,1.652,-30.452,1,1,316,2.807332245170363
13924,2.983,-24.479,1,1,285,2.789563119708994
13934,4.349,-18.475,1,1,303,2.770290701734267
13944,5.754,-12.291,1,1,324,2.7499181522492364
13954,7.195,-6.019,1,1,276,2.7287910836596576
13964,8.682,0.52,0,2,334,2.7072160528424534
13974,10.205,7.128,0,2,299,2.685448560910148
13984,11.773,13.938,-1,2,308,2.6636454752102603
13994,13.38,20.874,-1,2,331,2.641811054013546
14004,15.026,27.926,-1,2,291,2.619749794691596
14014,16.783,36.315,-1,2,342,2.597053873965694
14024,18.579,44.648,-1,2,316,2.5731748859008046
14034,20.408,52.853,-1,2,324,2.5475863985816547
14044,22.256,60.761,-1,2,347,2.5199406803780784
14054,24.111,68.326,-1,2,297,2.4900910971755597
14064,25.959,75.485,-1,2,351,2.4579688831375766
14074,27.803,82.406,-1,2,315,2.423449577181327
14084,29.645,89.161,-1,2,320,2.3863378415654557
14094,31.476,95.645,-1,2,343,2.3464687488032503
14104,33.282,101.659,-1,2,299,2.303850259733283
14114,35.059,107.158,-1,2,350,2.258766843432416
14124,36.821,112.331,-1,2,320,2.211762213264684
14134,38.59,117.405,-1,2,331,2.1634992294778144
14144,40.344,122.009,-1,2,353,2.1146399666397566
14154,42.072,126.192,-1,2,308,2.0658493229635226
14164,43.772,130.176,-1,2,356,2.017830284008768
14174,45.428,133.842,-1,2,321,1.9712824504787456
14184,47.044,137.396,-1,2,327,1.926813523366209
14194,48.61,140.764,-1,2,350,1.8848763305251586
14204,50.123,143.998,-1,2,309,1.8457519243631129
14214,51.569,147.039,-1,2,354,1.8095679212033982
14224,52.913,149.41,-1,2,319,1.7763348615732388
14234,54.189,151.813,-1,2,329,1.7459741664915316
14244,55.422,154.569,-1,2,350,1.7183475180892636
14254,56.615,157.475,-1,2,294,1.6933245847278537
14264,57.776,160.386,-1,2,359,1.6708440838568404
14274,58.865,162.547,-1,2,324,1.6508996315638715
14284,59.871,163.951,-1,2,329,1.633512808738424
14294,60.798,164.775,-1,2,351,1.6187584348289166
14304,61.607,164.506,-1,2,303,1.606762846689143
14314,62.302,163.345,-1,2,354,1.5976327015129292
14324,62.908,161.748,-1,2,327,1.5914089459286862
14334,63.451,159.948,-1,2,326,1.588100097023146
14344,63.958,158.174,-1,2,346,1.5877235031183141
14354,64.451,156.797,-1,2,306,1.5902942512823517
14364,64.934,155.884,-1,2,352,1.5958075618124477
14374,65.388,155.103,-1,2,318,1.60425470783793
14384,65.796,154.116,-1,2,326,1.6156336034760013
14394,66.147,152.642,-1,2,349,1.6299429986251874
14404,66.435,150.499,-1,2,306,1.647200161839991
14414,66.656,147.502,-1,2,349,1.6674713029112935
14424,66.807,143.784,-1,2,325,1.6908557798515023
14434,66.972,141.042,-1,2,334,1.7174159501652597
14444,67.149,139.439,-1,2,351,1.7471096633896042
14454,67.316,138.234,-1,2,301,1.779762976153991
14464,67.423,136.428,-1,2,368,1.8150764546169753
14474,67.442,133.711,-1,2,329,1.8526791824446305
14484,67.372,130.206,-1,2,330,1.8922433220707444
14494,67.235,126.278,-1,2,360,1.9335748201725422
14504,67.051,122.395,-1,2,307,1.9765823276149557
14514,66.846,118.935,-1,2,355,2.0211739896899408
14524,66.623,115.716,-1,2,331,2.0671879766494934
14534,66.346,112.321,-1,2,331,2.1143689221528486
14544,65.97,108.262,-1,2,354,2.1623740623641425
14554,65.472,103.404,-1,2,313,2.2107978456985613
14564,64.862,98.267,-1,2,354,2.259170051751705
14574,64.152,93.152,-1,2,325,2.3069364656528957
14584,63.37,88.279,-1,2,320,2.3534928047682815
14594,62.552,83.771,-1,2,351,2.39826670621481
14604,61.728,79.658,-1,2,308,2.440766691627989
14614,60.907,75.987,-1,2,348,2.4805605887066586
14624,60.08,72.795,-1,2,323,2.517219300507162
14634,59.175,69.036,-1,2,322,2.5502696048322036
14644,58.174,64.978,-1,2,355,2.5791606831769727
14654,57.101,61.159,-1,2,308,2.6032632868744643
14664,55.982,57.702,-1,2,357,2.6219791009353015
14674,54.835,54.323,-1,2,333,2.6349631450073314
14684,53.709,50.785,-1,2,326,2.642278890105391
14694,52.62,47.124,-1,2,341,2.644329979747111
14704,51.573,43.565,-1,2,300,2.641684172331042
14714,50.569,40.304,-1,2,352,2.634994085314404
14724,49.595,37.434,-1,2,317,2.6249817598357508
14734,48.63,34.95,-1,2,322,2.612346419527025
14744,47.64,32.545,-1,2,350,2.597638555040685
14754,46.605,29.971,-1,2,300,2.5812425558721124
14764,45.555,27.552,-1,2,343,2.5634860329858116
14774,44.546,25.912,-1,2,324,2.5447588424046796
14784,43.595,25.165,-1,2,320,2.525524830254471
14794,42.672,24.839,-1,2,355,2.506224986804755
14804,41.742,24.475,-1,2,304,2.487181319093177
14814,40.787,23.826,-1,2,354,2.468592319423128
14824,39.82,22.98,-1,2,329,2.450599643408865
14834,38.856,22.051,-1,2,323,2.4333441538976546
14844,37.893,21.145,-1,2,353,2.416953701054521
14854,36.904,20.033,-1,2,305,2.4014736281705362
14864,35.89,18.66,-1,2,353,2.386820840006769
14874,34.865,17.179,-1,2,328,2.3728314397897865
14884,33.832,15.488,-1,2,324,2.3593546618586583
14894,32.808,13.722,-1,2,347,2.3462847669988514
14904,31.802,12.078,-1,2,298,2.333550799222395
14914,30.791,10.26,-1,2,342,2.321165156712094
14924,29.754,8.023,-1,2,322,2.309282036363522
14934,28.714,5.732,-1,2,323,2.298143822825537
14944,27.713,3.802,0,2,343,2.2879508217850315
14954,26.771,2.387,0,2,298,2.2787734001058335
14964,25.892,1.564,0,2,351,2.2705371766559987
14974,25.072,1.366,0,2,328,2.2630711987564043
14984,24.288,1.486,0,2,314,2.256213275202634
14994,23.508,1.434,0,2,348,2.249888629025524
15004,22.706,0.932,0,2,296,2.2440985695597058
15014,21.855,-0.279,0,2,337,2.238916883805121
15024,20.938,-2.377,0,2,320,2.2345452134392803
15034,19.957,-5.285,0,2,316,2.2313079633763624
15044,18.879,-9.763,0,2,350,2.229564988989075
15054,17.807,-14.064,1,2,299,2.2296621447189775
15064,16.738,-18.229,1,2,345,2.2319292284308854
15074,15.645,-22.422,1,2,318,2.2366419113779403
15084,14.515,-26.719,1,2,313,2.2439445924757697
15094,13.347,-31.175,1,2,348,2.253790216843021
15104,12.117,-36.404,1,2,296,2.2659238980633414
15114,10.802,-42.806,1,2,341,2.2799106933256654
15124,9.419,-49.8,1,2,320,2.2951935400736954
15134,8.027,-56.36,1,2,312,2.3111383354973776
15144,6.673,-61.827,1,2,336,2.327055966514263
15154,5.398,-65.599,1,2,284,2.3422696632810225
15164,4.224,-67.898,1,2,338,2.356231900935312
15174,3.083,-70.7,1,2,316,2.3685598189547243
15184,1.908,-75.241,1,2,306,2.3789441555231448
15194,0.706,-80.939,1,2,342,2.3870831599393987
15204,-0.54,-87.446,1,2,295,2.3927473523746086
15214,-1.776,-93.225,1,2,340,2.395890168625583
15224,-2.91,-96.79,1,2,307,2.3966880117230516
15234,-3.926,-98.488,1,2,301,2.395476496728065
15244,-4.822,-98.826,1,2,334,2.392637882560293
15254,-5.645,-98.995,1,2,275,2.388563318195536
15264,-6.39,-99.065,1,2,328,2.3837229956545816
15274,-7.104,-99.469,1,2,301,2.378712730140408
15284,-7.89,-101.647,1,2,298,2.3741881615205043
15294,-8.783,-105.416,1,2,328,2.370763471065174
15304,-9.631,-107.711,1,2,274,2.3689788561986753
15314,-10.411,-109.075,1,2,323,2.369332367933207
15324,-11.212,-111.493,1,2,300,2.3722896464626726
15334,-11.983,-113.61,1,2,292,2.3782252169020035
15344,-12.668,-114.398,1,2,322,2.387341917121604
15354,-13.292,-114.708,1,2,273,2.3996282669809923
15364,-13.908,-115.547,1,2,320,2.414872827950748
15374,-14.552,-117.131,1,2,296,2.43275291671234
15384,-15.162,-118.074,1,2,290,2.452992816640427
15394,-15.638,-117.06,1,2,313,2.4755024434073247
15404,-15.951,-114.302,1,2,268,2.5003823984457414
15414,-16.141,-110.997,1,2,304,2.5277928428189607
15424,-16.267,-108.273,1,2,277,2.5578159042739066
15434,-16.354,-106.227,1,2,277,2.590405534109639
15444,-16.424,-104.969,1,2,304,2.625378459125293
15454,-16.504,-104.776,1,2,255,2.6623985531198286
15464,-16.5,-104.31,1,2,305,2.7009897553915496
15474,-16.409,-103.646,1,2,275,2.7405726960587455
15484,-16.245,-102.534,1,2,264,2.780469882324641
15494,-16.065,-101.516,1,2,300,2.819924870229573
15504,-15.882,-100.382,1,2,247,2.858206897554586
15514,-15.709,-99.163,1,2,304,2.8946941311503
15524,-15.564,-98.249,1,2,279,2.9288101450770334
15534,-15.463,-97.894,1,2,276,2.959913536400957
15544,-15.388,-97.812,1,2,310,2.987273866688045
15554,-15.304,-97.733,1,2,253,3.010133076472175
15564,-15.177,-97.596,1,2,304,3.0278530541185766
15574,-14.981,-97.279,1,2,285,3.0400846285907837
15584,-14.706,-96.567,1,2,291,3.046771991819059
15594,-14.379,-95.566,1,2,326,3.0479792977321436
15604,-14.007,-94.021,1,2,281,3.043758392435929
15614,-13.617,-92.265,1,2,325,3.034172665902344
15624,-13.178,-89.845,1,2,313,3.019386893320045
15634,-12.677,-86.883,1,2,307,2.999741806940539
15644,-12.115,-83.641,1,2,332,2.9757998852718592
15654,-11.498,-80.37,1,2,294,2.9483352419038793
15664,-10.789,-76.433,1,2,337,2.9182521076525627
15674,-10.023,-72.339,1,2,307,2.8864690333761334
15684,-9.192,-68.083,1,2,308,2.853813709804689
15694,-8.311,-63.946,1,2,338,2.820955305605675
15704,-7.379,-59.848,1,2,284,2.788416606946189
15714,-6.417,-55.944,1,2,334,2.7566757713344456
15724,-5.42,-51.989,1,2,308,2.7262630894275057
15734,-4.375,-47.707,1,2,307,2.697752740645324
15744,-3.287,-43.162,1,2,340,2.6716744195755213
15754,-2.159,-38.377,1,2,286,2.6484530309997014
15764,-0.998,-33.444,1,2,331,2.6284357291758833
15774,0.209,-28.224,1,2,311,2.6119594779471895
15784,1.453,-22.938,1,2,308,2.5993773586023323
15794,2.736,-17.628,1,2,335,2.5910240689578345
15804,4.058,-12.338,1,2,293,2.5871577847939777
15814,5.427,-6.882,1,2,335,2.587910416665102
15824,6.843,-1.206,0,3,322,2.5932761954236017
15834,8.293,4.53,0,3,307,2.60316425324179
15844,9.777,10.4,-1,3,347,2.6174671842826265
15854,11.299,16.522,-1,3,292,2.636055874762946
15864,12.921,23.952,-1,3,341,2.6587079260786988
15874,14.565,31.234,-1,3,323,2.685081509024918
15884,16.236,38.379,-1,3,314,2.714799670568953
15894,17.937,45.413,-1,3,348,2.747564558811091
15904,19.675,52.484,-1,3,298,2.783166875159332
15914,21.424,59.18,-1,3,338,2.8213793343934346
15924,23.183,65.605,-1,3,321,2.8618462827390903
15934,24.945,71.763,-1,3,320,2.904041612821648
15944,26.71,77.84,-1,3,350,2.9472894922116604
15954,28.47,83.79,-1,3,299,2.9908034210733137
15964,30.212,89.47,-1,3,343,3.033697827165289
15974,31.935,94.915,-1,3,320,3.075036458978653
15984,33.624,99.85,-1,3,308,3.114003115197002
15994,35.285,104.43,-1,3,351,3.1501036841001295
16004,36.941,108.908,-1,3,299,3.183240685924395
16014,38.581,113.067,-1,3,351,3.2136138154994645
16024,40.209,117.062,-1,3,338,3.2415115258366467
16034,41.838,121.174,-1,3,318,3.267120726655555
16044,43.455,125.171,-1,3,366,3.2904582371761775
16054,45.031,128.654,-1,3,320,3.311421624839609
16064,46.552,131.638,-1,3,356,3.329894322558543
16074,48.036,134.755,-1,3,345,3.3458538484733613
16084,49.461,137.912,-1,3,330,3.359438507920398
16094,50.811,140.95,-1,3,365,3.370926699574232
16104,52.086,143.716,-1,3,317,3.380627269376765
16114,53.271,145.918,-1,3,356,3.3887465487692996
16124,54.375,147.775,-1,3,345,3.3953161141410524
16134,55.407,149.515,-1,3,326,3.4002045429362546
16144,56.384,151.311,-1,3,364,3.403146159198532
16154,57.31,152.97,-1,3,314,3.4037243751836015
16164,58.188,154.017,-1,3,347,3.4013782330761706
16174,59.023,154.106,-1,3,333,3.3955301466316374
16184,59.826,153.743,-1,3,316,3.3857721828647533
16194,60.6,153.39,-1,3,360,3.3719712057236455
16204,61.352,153.339,-1,3,310,3.3542513365042637
16214,62.069,153.379,-1,3,347,3.332900497124834
16224,62.758,153.646,-1,3,340,3.308251100814194
16234,63.426,154.336,-1,3,323,3.2805599427973497
16244,64.064,155.115,-1,3,365,3.249928396356563
16254,64.68,155.886,-1,3,321,3.21633954938964
16264,65.28,156.66,-1,3,358,3.1798347538150784
16274,65.819,156.604,-1,3,346,3.140727834387271
16284,66.289,155.733,-1,3,328,3.0997034521209024
16294,66.646,153.939,-1,3,358,3.0577201490262738
16304,66.882,151.183,-1,3,314,3.015795831880376
16314,67.016,147.676,-1,3,347,2.9748435119782424
16324,67.086,143.705,-1,3,342,2.9356107747864213
16334,67.121,139.725,-1,3,321,2.898652604476541
16344,67.121,135.848,-1,3,358,2.864330533596654
16354,67.078,132.099,-1,3,311,2.8328755326840005
16364,67.002,128.741,-1,3,349,2.8044522481640737
16374,66.896,125.607,-1,3,347,2.779146213483577
16384,66.747,122.303,-1,3,319,2.756917678835762
16394,66.537,118.676,-1,3,365,2.737592882656614
16404,66.233,114.381,-1,3,298,2.720913306088625
16414,65.829,109.53,-1,3,355,2.706643046850868
16424,65.344,104.624,-1,3,339,2.6946496942308515
16434,64.788,99.864,-1,3,321,2.684853947972134
16444,64.209,95.967,-1,3,364,2.677103761980316
16454,63.626,92.853,-1,3,316,2.671117498004014
16464,63.0,89.658,-1,3,356,2.6665440911853886
16474,62.286,85.805,-1,3,346,2.663072904288291
16484,61.352,79.481,-1,3,322,2.6604820019152355
16494,60.3,73.296,-1,3,355,2.658573119412004
16504,59.176,67.572,-1,3,313,2.657084497764526
16514,58.044,62.538,-1,3,354,2.655670071140586
16524,56.941,58.251,-1,3,340,2.6539064584951833
16534,55.874,54.597,-1,3,324,2.651312300940598
16544,54.86,51.42,-1,3,359,2.6473827654700526
16554,53.881,48.162,-1,3,308,2.641585369513437
16564,52.922,44.643,-1,3,343,2.63337015968716
16574,51.975,41.06,-1,3,335,2.6222734751757577
16584,51.04,37.586,-1,3,319,2.607991979645795
16594,50.114,34.416,-1,3,356,2.590325648022369
16604,49.201,31.784,-1,3,326,2.56914399495163
16614,48.281,29.531,-1,3,348,2.544478760606964
16624,47.339,27.479,-1,3,330,2.516576192433416
16634,46.374,25.668,-1,3,314,2.485817881553053
16644,45.395,24.149,-1,3,354,2.4526550847879025
16654,44.411,22.954,-1,3,310,2.4175992079932165
16664,43.415,21.867,-1,3,344,2.381152930206772
16674,42.414,20.828,-1,3,336,2.343701319851686
16684,41.443,20.126,-1,3,312,2.3054967158675526
16694,40.495,19.378,-1,3,349,2.266751314838812
16704,39.593,18.785,-1,3,312,2.2277162914929045
16714,38.745,18.586,-1,3,351,2.188667846364085
16724,37.909,18.369,-1,3,333,2.149869803183978
16734,37.036,17.435,-1,3,317,2.1115705796058872
16744,36.123,15.681,-1,3,355,2.0739705714653223
16754,35.197,13.547,-1,3,309,2.037167416955709
16764,34.283,11.536,-1,3,354,2.0011977576482947
16774,33.388,9.879,-1,3,334,1.9661791340107546
16784,32.513,8.581,-1,3,313,1.932396320298327
16794,31.653,7.519,-1,3,350,1.90025199134301
16804,30.79,6.379,-1,3,304,1.8701967719751031
16814,29.908,4.972,0,3,343,1.8427190396488187
16824,28.997,3.271,0,3,331,1.8183136213104607
16834,28.048,1.13,0,3,310,1.7974079189302228
16844,27.06,-1.609,0,3,351,1.780343138599516
16854,26.046,-4.869,0,3,300,1.7674274528157627
16864,25.013,-8.46,0,3,345,1.7589690355321155
16874,23.976,-12.124,1,3,334,1.7552538341757358
16884,22.948,-15.514,1,3,310,1.756519282010604
16894,21.918,-18.673,1,3,349,1.762936986554636
16904,20.84,-21.947,1,3,305,1.7745777545765773
16914,19.678,-25.948,1,3,342,1.791371781831204
16924,18.412,-31.438,1,3,329,1.8130955210130257
16934,17.056,-38.515,1,3,305,1.8394000655791758
16944,15.622,-47.047,1,3,350,1.8698598290705013
16954,14.109,-56.844,1,3,306,1.9039982107711881
16964,12.509,-67.53,1,3,343,1.9413154835849216
16974,10.916,-76.821,1,3,325,1.98135127847859
16984,9.421,-83.15,1,3,304,2.0237170384057803
16994,8.027,-87.102,1,3,340,2.068103798159915
17004,6.721,-89.937,1,3,291,2.114340084148071
17014,5.475,-92.646,1,3,336,2.1624276934147115
17024,4.288,-95.717,1,3,324,2.2125002309187765
17034,3.106,-100.117,1,3,302,2.2648092652704923
17044,1.898,-105.992,1,3,332,2.3197455098245694
17054,0.643,-113.461,1,3,288,2.377781324856555
17064,-0.601,-120.804,1,3,324,2.439344895268837
17074,-1.803,-126.893,1,3,304,2.504727475626273
17084,-2.969,-131.54,1,3,284,2.574048590874223
17094,-4.147,-135.076,1,3,323,2.64725731889917
17104,-5.252,-135.948,1,3,269,2.724153782654967
17114,-6.304,-136.736,1,3,312,2.804393257437714
17124,-7.311,-137.779,1,3,296,2.887456032957991
17134,-8.259,-138.109,1,3,270,2.9726242101101246
17144,-9.094,-136.675,1,3,310,3.059025112390411
17154,-9.807,-134.351,1,3,259,3.1457546902625264
17164,-10.451,-132.658,1,3,302,3.2319831098084952
17174,-11.053,-131.583,1,3,288,3.3169224348367288
17184,-11.55,-129.477,1,3,278,3.399688134466406
17194,-11.893,-125.82,1,3,311,3.479198409056016
17204,-12.149,-122.588,1,3,270,3.5541930180754346
17214,-12.393,-120.852,1,3,315,3.623358505776695
17224,-12.664,-120.178,1,3,301,3.685506882944027
17234,-12.929,-119.047,1,3,285,3.73970468521848
17244,-13.133,-116.528,1,3,317,3.7852321608548047
17254,-13.325,-114.133,1,3,272,3.8213935740315965
17264,-13.528,-112.514,1,3,314,3.847393169640701
17274,-13.729,-111.44,1,3,297,3.8624406768670054
17284,-13.888,-110.168,1,3,281,3.8660066193730214
17294,-13.961,-108.03,1,3,324,3.8580396410908784
17304,-13.91,-104.753,1,3,292,3.8389912546367038
17314,-13.797,-101.757,1,3,335,3.8096169279060277
17324,-13.563,-98.274,1,3,328,3.770762345828768
17334,-13.236,-94.965,1,3,310,3.72335926507439
17344,-12.868,-92.37,1,3,352,3.6685498602452014
17354,-12.452,-89.76,1,3,310,3.607735867326863
17364,-11.999,-86.985,1,3,340,3.5425112743948723
17374,-11.548,-84.642,1,3,329,3.474527461324472
17384,-11.094,-82.618,1,3,313,3.405339164396355
17394,-10.628,-80.789,1,3,348,3.3363082173002643
17404,-10.145,-79.081,1,3,308,3.2685909286878325
17414,-9.594,-76.641,1,3,346,3.203148772564372
17424,-8.992,-73.815,1,3,332,3.140754177970901
17434,-8.335,-70.452,1,3,311,3.0819983247081626
17444,-7.64,-66.734,1,3,350,3.027304333154495
17454,-6.896,-62.527,1,3,305,2.976949774555027
17464,-6.111,-58.197,1,3,342,2.9310672652966048
17474,-5.263,-53.531,1,3,334,2.889615846898281
17484,-4.352,-48.656,1,3,307,2.8523775529644557
17494,-3.372,-43.525,1,3,341,2.8190398537158554
17504,-2.324,-38.08,1,3,303,2.7893634687066564
17514,-1.142,-31.131,1,3,339,2.7632889650056405
17524,0.087,-24.232,1,3,336,2.740860595506074
17534,1.346,-17.607,1,3,308,2.722091210661188
17544,2.637,-11.212,1,3,353,2.706910878689617
17554,3.979,-4.754,0,4,302,2.6951709407945166
17564,5.382,1.869,0,4,337,2.686652773505329
17574,6.85,8.731,0,4,337,2.681060175366139
17584,8.365,15.64,-1,4,314,2.678009804439965
17594,9.916,22.485,-1,4,355,2.6770504315288144
17604,11.491,29.197,-1,4,306,2.6776549458349246
17614,13.093,35.899,-1,4,341,2.679158513763114
17624,14.72,42.603,-1,4,337,2.680757570017067
17634,16.366,49.207,-1,4,329,2.681652087949153
17644,18.025,55.687,-1,4,352,2.6812355325340502
17654,19.679,61.748,-1,4,306,2.6791541429296486
17664,21.328,67.521,-1,4,345,2.675180111689524
17674,22.964,72.891,-1,4,334,2.6690269534801723
17684,24.583,77.906,-1,4,313,2.6602612410718876
17694,26.186,82.624,-1,4,346,2.648350031947172
17704,27.768,87.064,-1,4,307,2.632792658269646
17714,29.412,92.666,-1,4,339,2.6132588510961208
17724,31.068,98.505,-1,4,334,2.589662021770377
17734,32.712,104.275,-1,4,314,2.562148329796344
17744,34.353,110.163,-1,4,357,2.531038115588071
17754,35.973,115.638,-1,4,311,2.496744024636768
17764,37.54,120.11,-1,4,353,2.4596707702893026
17774,39.062,123.836,-1,4,350,2.420157519448693
17784,40.548,127.196,-1,4,322,2.3785223544116767
17794,42.0,130.414,-1,4,368,2.33515086505281
17804,43.417,133.734,-1,4,326,2.2905458853400544
17814,44.808,137.368,-1,4,355,2.245343642049414
17824,46.163,141.166,-1,4,353,2.2003157799810116
17834,47.445,144.386,-1,4,323,2.156325537059183
17844,48.626,146.638,-1,4,369,2.1142337162504563
17854,49.736,148.191,-1,4,318,2.074825666982577
17864,50.793,149.191,-1,4,356,2.038791512871267
17874,51.803,149.871,-1,4,355,2.0067073675985894
17884,52.775,150.753,-1,4,319,1.9790063915475065
17894,53.706,151.813,-1,4,367,1.9559803697399925
17904,54.579,152.605,-1,4,325,1.9378018534802999
17914,55.401,153.032,-1,4,356,1.924532589630073
17924,56.111,151.719,-1,4,344,1.9161226686975983
17934,56.797,150.39,-1,4,326,1.9124187149275202
17944,57.453,149.233,-1,4,359,1.9131958515259206
17954,58.075,148.207,-1,4,321,1.9181968592187995
17964,58.68,147.372,-1,4,354,1.9271319794615598
17974,59.271,146.575,-1,4,345,1.939647936929011
17984,59.828,145.291,-1,4,318,1.955318884492034
17994,60.333,143.314,-1,4,358,1.9736954476517825
18004,60.806,141.057,-1,4,317,1.9943797797253322
18014,61.261,138.76,-1,4,352,2.017032946138477
18024,61.677,136.366,-1,4,351,2.041337933230718
18034,62.046,134.108,-1,4,316,2.0670027639424524
18044,62.386,132.307,-1,4,359,2.0937639216202912
18054,62.683,130.572,-1,4,317,2.121357306350268
18064,62.912,128.679,-1,4,353,2.1495026793924636
18074,63.071,126.837,-1,4,352,2.1779552125723076
18084,63.179,125.363,-1,4,324,2.2066009802306383
18094,63.244,124.247,-1,4,350,2.2354671902645835
18104,63.271,123.285,-1,4,318,2.2646476730103444
18114,63.24,121.915,-1,4,352,2.2942617983578306
18124,62.963,116.999,-1,4,349,2.3244368941757165
18134,62.629,112.384,-1,4,318,2.355287370517974
18144,62.16,107.205,-1,4,360,2.386904461983029
18154,61.566,101.821,-1,4,320,2.419323199140612
18164,60.862,96.419,-1,4,344,2.452477757244359
18174,60.074,91.246,-1,4,345,2.4861836628856193
18184,59.265,87.118,-1,4,314,2.5201371845548084
18194,58.49,84.4,-1,4,360,2.5539432919683347
18204,57.738,82.4,-1,4,309,2.5871896718620335
18214,56.971,80.337,-1,4,351,2.619510820731376
18224,56.16,77.874,-1,4,339,2.6505664558783146
18234,55.279,74.745,-1,4,317,2.6799516559426113
18244,54.287,70.406,-1,4,365,2.70713384259111
18254,53.224,65.266,-1,4,317,2.731449972179705
18264,52.17,60.015,-1,4,344,2.7521161371011242
18274,51.139,54.806,-1,4,343,2.7682533905223905
18284,50.122,49.692,-1,4,329,2.7789974277055305
18294,49.097,44.565,-1,4,360,2.783685414656983
18304,48.065,39.642,-1,4,316,2.7819764157971028
18314,47.035,35.224,-1,4,339,2.7737943132628415
18324,46.016,31.492,-1,4,329,2.759238104197637
18334,45.04,28.859,-1,4,305,2.738662525772322
18344,44.087,26.727,-1,4,357,2.7128163888838865
18354,43.138,24.726,-1,4,311,2.682788032391447
18364,42.187,22.743,-1,4,343,2.649768925502982
18374,41.238,20.877,-1,4,337,2.6148433327214993
18384,40.301,19.241,-1,4,313,2.578910775367167
18394,39.387,17.989,-1,4,356,2.5426940839503605
18404,38.493,17.027,-1,4,314,2.5067577929064333
18414,37.61,16.195,-1,4,340,2.47150675178853
18424,36.738,15.502,-1,4,344,2.437184593792598
18434,35.882,15.046,-1,4,313,2.4038873883265186
18444,35.041,14.809,-1,4,363,2.3715828498411424
18454,34.201,14.611,-1,4,311,2.340159353688741
18464,33.349,14.243,-1,4,353,2.3095379735175423
18474,32.482,13.539,-1,4,344,2.279795251168695
18484,31.608,12.495,-1,4,309,2.251184005576404
18494,30.746,11.391,-1,4,357,2.224039663637398
18504,29.897,10.217,-1,4,309,2.198709116745598
18514,29.054,8.842,-1,4,338,2.175579713142848
18524,28.219,7.38,-1,4,341,2.1551209375279488
18534,27.381,5.735,-1,4,308,2.1378710381961135
18544,26.501,3.326,0,4,356,2.124394829563477
18554,25.612,0.851,0,4,314,2.115231148365264
18564,24.704,-1.771,0,4,340,2.1108415149658066
18574,23.774,-4.475,0,4,341,2.111582642361686
18584,22.818,-7.226,0,4,310,2.1176969406861863
18594,21.808,-10.435,1,4,349,2.129320766016425
18604,20.724,-14.37,1,4,311,2.146511308720838
18614,19.57,-18.931,1,4,344,2.1692573992220403
18624,18.352,-23.963,1,4,334,2.1974749275075336
18634,17.073,-29.489,1,4,309,2.231005691030855
18644,15.761,-35.253,1,4,350,2.269596780628263
18654,14.437,-41.054,1,4,308,2.3128745216373128
18664,13.105,-47.108,1,4,342,2.3603869903641366
18674,11.776,-53.385,1,4,337,2.411730209873095
18684,10.471,-59.51,1,4,303,2.466636158165729
18694,9.165,-65.683,1,4,344,2.524926701908419
18704,7.844,-71.701,1,4,300,2.5864323502667874
18714,6.455,-78.12,1,4,334,2.650966728613083
18724,4.991,-84.782,1,4,332,2.718297345205606
18734,3.516,-90.782,1,4,298,2.7880887115097535
18744,2.114,-95.364,1,4,347,2.8598622251435657
18754,0.765,-99.61,1,4,293,2.9330065027208336
18764,-0.505,-104.093,1,4,326,3.006840393676524
18774,-1.723,-108.797,1,4,327,3.08065671839715
18784,-2.892,-112.787,1,4,296,3.153705807031275
18794,-4.083,-117.059,1,4,337,3.2251906393059993
18804,-5.363,-122.897,1,4,295,3.2943032756054715
18814,-6.666,-129.186,1,4,333,3.3602328529663916
18824,-7.84,-133.41,1,4,325,3.4221599637239306
18834,-8.855,-135.384,1,4,312,3.4793563936933936
18844,-9.774,-136.357,1,4,345,3.531359311211646
18854,-10.672,-137.199,1,4,292,3.5780282115128528
18864,-11.593,-138.175,1,4,327,3.619413341323287
18874,-12.602,-140.402,1,4,325,3.6555450763481216
18884,-13.76,-144.74,1,4,285,3.6862805262483014
18894,-14.957,-149.037,1,4,333,3.7113033187905544
18904,-16.018,-151.122,1,4,279,3.730287300037423
18914,-16.876,-151.171,1,4,316,3.743098883027069
18924,-17.506,-149.107,1,4,316,3.749873916230736
18934,-17.891,-144.7,1,4,285,3.7509091539612895
18944,-18.061,-138.658,1,4,336,3.746455858110972
18954,-18.101,-132.555,1,4,291,3.7365981503705092
18964,-18.13,-128.557,1,4,323,3.7213113092320054
18974,-18.206,-126.05,1,4,316,3.7005961225877373
18984,-18.341,-124.347,1,4,290,3.6745499808602884
18994,-18.471,-122.236,1,4,335,3.6433574868592085
19004,-18.587,-120.406,1,4,289,3.6072539162319424
19014,-18.697,-119.471,1,4,314,3.566476789647984
19024,-18.764,-118.611,1,4,312,3.521196450047132
19034,-18.757,-117.273,1,4,279,3.4715142875597205
19044,-18.705,-115.944,1,4,323,3.417626049890059
19054,-18.597,-114.624,1,4,286,3.3600213676468593
19064,-18.413,-113.198,1,4,318,3.2994834765376626
19074,-18.151,-111.806,1,4,323,3.2368757817993075
19084,-17.834,-110.432,1,4,291,3.172924397682601
19094,-17.446,-108.179,1,4,335,3.1081433299260315
19104,-17.008,-105.325,1,4,296,3.0428674369079913
19114,-16.512,-101.909,1,4,328,2.9772977983643583
19124,-15.973,-98.339,1,4,333,2.911533753970952
19134,-15.437,-95.406,1,4,304,2.8456460832019825
19144,-14.896,-92.91,1,4,351,2.7797872710985856
19154,-14.31,-90.23,1,4,309,2.7142371710530138
19164,-13.636,-86.695,1,4,332,2.6493511425341554
19174,-12.905,-82.976,1,4,340,2.585488795184982
19184,-12.1,-78.921,1,4,310,2.522980731731302
19194,-11.217,-74.473,1,4,351,2.4621068503332184
19204,-10.264,-69.689,1,4,308,2.4030605330401724
19214,-9.249,-64.755,1,4,335,2.345963207626363
19224,-8.181,-59.83,1,4,334,2.290980560593438
19234,-7.065,-54.902,1,4,308,2.2384457361266668
19244,-5.89,-49.686,1,4,357,2.188855422580906
19254,-4.648,-43.967,1,4,315,2.1427401725021418
19264,-3.349,-37.919,1,4,340,2.1005325714414154
19274,-1.987,-31.516,1,4,341,2.062523656220105
19284,-0.549,-24.593,1,4,305,2.0288952996168725
19294,0.949,-17.512,1,4,365,1.9997676025973805
19304,2.508,-10.257,1,4,315,1.9752223247792475
19314,4.116,-2.971,0,5,343,1.955338481179682
19324,5.765,4.29,0,5,345,1.940258142744072
19334,7.448,11.471,-1,5,312,1.9301946130110739
19344,9.153,18.452,-1,5,356,1.9253408025109047
19354,10.891,25.48,-1,5,315,1.9257667205513767
19364,12.724,33.615,-1,5,341,1.9313806368074236
19374,14.585,41.544,-1,5,339,1.9419381964782214
19384,16.465,49.118,-1,5,307,1.9570831587131443
19394,18.365,56.436,-1,5,357,1.9764105031128822
19404,20.278,63.501,-1,5,317,1.999499526385187
19414,22.168,69.786,-1,5,340,2.025921159681577
19424,24.048,75.684,-1,5,344,2.055272569590405
19434,25.902,81.098,-1,5,312,2.087198595979552
19444,27.725,86.006,-1,5,350,2.121370478618711
19454,29.529,90.696,-1,5,312,2.157484045402008
19464,31.328,95.449,-1,5,341,2.1952615659562307
19474,33.111,100.061,-1,5,346,2.234382537822897
19484,34.864,104.301,-1,5,309,2.274383219403199
19494,36.585,108.21,-1,5,360,2.3146100701029755
19504,38.275,111.844,-1,5,319,2.3542342717305265
19514,39.927,115.097,-1,5,350,2.3923285392460305
19524,41.541,118.102,-1,5,352,2.42799982720245
19534,43.123,121.075,-1,5,309,2.4604712608225174
19544,44.672,124.03,-1,5,363,2.489065670131011
19554,46.177,126.808,-1,5,312,2.5132210556577927
19564,47.641,129.499,-1,5,343,2.5325795190227622
19574,49.119,133.003,-1,5,358,2.546991203014308
19584,50.556,136.341,-1,5,318,2.5563852247998433
19594,51.947,139.579,-1,5,370,2.5606851678165734
19604,53.273,142.441,-1,5,336,2.5598766605379715
19614,54.522,144.938,-1,5,345,2.554102083025243
19624,55.708,147.517,-1,5,354,2.543641105197403
19634,56.819,150.063,-1,5,316,2.528836542559275
19644,57.862,152.785,-1,5,359,2.510109447233788
19654,58.849,155.836,-1,5,327,2.488029606064397
19664,59.787,158.908,-1,5,346,2.46328813038377
19674,60.699,161.793,-1,5,357,2.436583222817146
19684,61.585,164.076,-1,5,320,2.408556401068986
19694,62.416,165.378,-1,5,363,2.379804427155316
19704,63.171,165.883,-1,5,327,2.3509050420580304
19714,63.853,165.998,-1,5,346,2.3224299010888476
19724,64.47,165.81,-1,5,346,2.2949301549264605
19734,65.013,165.124,-1,5,311,2.2688945875141746
19744,65.491,164.125,-1,5,359,2.2447252128176696
19754,65.921,162.997,-1,5,320,2.2227388293363113
19764,66.323,161.793,-1,5,339,2.203154297019796
19774,66.712,160.658,-1,5,348,2.186067764370848
19784,67.079,159.417,-1,5,309,2.171433146985149
19794,67.409,157.711,-1,5,358,2.1590390480040282
19804,67.671,155.251,-1,5,318,2.148486766941636
19814,67.851,152.195,-1,5,336,2.1391923519821625
19824,67.96,148.987,-1,5,344,2.1304563743688623
19834,68.012,145.826,-1,5,302,2.121631228827009
19844,68.013,142.692,-1,5,356,2.1122933270809976
19854,67.971,139.654,-1,5,326,2.1022695310507675
19864,67.891,136.481,-1,5,344,2.0915486035251507
19874,67.749,132.525,-1,5,354,2.08023062570103
19884,67.503,127.346,-1,5,308,2.0685049242121614
19894,67.137,121.24,-1,5,365,2.056563544431441
19904,66.658,114.758,-1,5,328,2.0445068430053523
19914,66.085,108.268,-1,5,345,2.0323552323066716
19924,65.407,101.374,-1,5,354,2.0201449086968872
19934,64.624,93.859,-1,5,313,2.007974212591178
19944,63.737,85.736,-1,5,367,1.9959381797699292
19954,62.747,77.236,-1,5,323,1.9840255120954955
19964,61.657,68.74,-1,5,338,1.9720666320044324
19974,60.477,60.622,-1,5,352,1.9597609665453164
19984,59.166,52.199,-1,5,307,1.9467717568385399
19994,57.803,44.721,-1,5,362,1.9328131303669054
20004,56.443,38.287,-1,5,327,1.9176556811804215
20014,55.139,33.057,-1,5,342,1.9011228627610395
20024,53.917,29.188,-1,5,350,1.8831366668465805
20034,52.769,26.471,-1,5,305,1.8637194095264888
20044,51.669,24.503,-1,5,356,1.8429697089572128
20054,50.602,23.015,-1,5,317,1.8211005502800681
20064,49.554,21.775,-1,5,339,1.798444719771078
20074,48.51,20.579,-1,5,348,1.775372208473045
20084,47.465,19.42,-1,5,310,1.7522215343624779
20094,46.434,18.586,-1,5,352,1.7292962975155797
20104,45.427,18.237,-1,5,318,1.706899492802316
20114,44.436,18.139,-1,5,339,1.6853501760886085
20124,43.45,17.997,-1,5,347,1.6649477937627333
20134,42.466,17.817,-1,5,311,1.6459215052537381
20144,41.488,17.738,-1,5,359,1.6283962247788462
20154,40.513,17.734,-1,5,319,1.6123754718419059
20164,39.554,17.964,-1,5,342,1.5977727647218718
20174,38.611,18.349,-1,5,353,1.5845051911285348
20184,37.664,18.426,-1,5,310,1.5725802405790381
20194,36.699,17.829,-1,5,360,1.5620953222818015
20204,35.739,16.813,-1,5,319,1.5531571433601425
20214,34.777,15.396,-1,5,337,1.5458080362747673
20224,33.817,13.717,-1,5,346,1.5400232615602625
20234,32.863,11.962,-1,5,307,1.5357556431814516
20244,31.916,10.224,-1,5,361,1.5329590071246535
20254,30.978,8.492,-1,5,322,1.5315643732754287
20264,30.05,6.641,-1,5,334,1.5314588380476453
20274,29.115,4.275,0,5,351,1.532495767709612
20284,28.159,1.174,0,5,307,1.5344940152008024
20294,27.191,-2.204,0,5,355,1.5372332714370462
20304,26.221,-5.436,0,5,317,1.5404885630409837
20314,25.255,-8.292,0,5,333,1.5440657712857384
20324,24.293,-10.773,1,5,349,1.5477924266391658
20334,23.34,-12.78,1,5,306,1.5514806166964201
20344,22.395,-14.26,1,5,361,1.5548927566752562
20354,21.44,-15.645,1,5,321,1.5577568527203214
20364,20.438,-17.664,1,5,339,1.559853601232947
20374,19.401,-20.221,1,5,348,1.5610867681084832
20384,18.349,-22.973,1,5,302,1.5614606619146252
20394,17.306,-25.48,1,5,357,1.5610459565641779
20404,16.289,-27.68,1,5,318,1.5599905698678234
20414,15.3,-29.698,1,5,334,1.5584969029283233
20424,14.341,-31.236,1,5,351,1.5567648263449243
20434,13.396,-32.376,1,5,306,1.5549695236858279
20444,12.481,-33.061,1,5,357,1.5532460855590722
20454,11.607,-33.561,1,5,313,1.5516589986130527
20464,10.77,-34.171,1,5,339,1.550210393043421
20474,9.963,-35.015,1,5,347,1.5488973791817962
20484,9.175,-36.216,1,5,301,1.5477544514929402
20494,8.389,-37.818,1,5,350,1.54685852568691
20504,7.629,-39.071,1,5,309,1.5463487101299547
20514,6.922,-39.342,1,5,332,1.5464478253254768
20524,6.283,-38.673,1,5,342,1.547416504853921
20534,5.697,-37.658,1,5,300,1.5494769536809083
20544,5.149,-36.639,1,5,352,1.552787035069893
20554,4.62,-35.942,1,5,310,1.5574509760729136
20564,4.094,-35.708,1,5,328,1.563517890155118
20574,3.572,-35.766,1,5,336,1.5709607843092634
20584,3.048,-36.141,1,5,299,1.5796583800307462
20594,2.533,-36.667,1,5,348,1.5893967369668582
20604,2.004,-37.796,1,5,309,1.5998905586756587
20614,1.5,-38.952,1,5,330,1.6108149258429583
20624,1.03,-40.016,1,5,332,1.6218284145415667
20634,0.602,-40.781,1,5,295,1.632609531318406
20644,0.201,-41.438,1,5,345,1.6429354414321697
20654,-0.184,-42.149,1,5,312,1.6527265167479284
20664,-0.562,-43.037,1,5,332,1.6620042713154848
20674,-0.961,-44.448,1,5,336,1.67083543962921
20684,-1.418,-46.793,1,5,301,1.6792981840104768
20694,-1.911,-49.46,1,5,349,1.6874577419717953
20704,-2.381,-51.499,1,5,312,1.6953600627638195
20714,-2.808,-52.71,1,5,330,1.7030252491186917
20724,-3.179,-53.078,1,5,347,1.7104389043468151
20734,-3.478,-52.602,1,5,303,1.7175592242474915
20744,-3.717,-51.778,1,5,351,1.7243189800252285
20754,-3.923,-51.142,1,5,320,1.7306330299348658
20764,-4.137,-51.08,1,5,334,1.7364414585186057
20774,-4.388,-51.7,1,5,341,1.7417443039287523
20784,-4.672,-52.643,1,5,297,1.746600931679063
20794,-4.916,-52.758,1,5,350,1.7511581398417417
20804,-5.075,-51.806,1,5,317,1.7557006590296858
20814,-5.174,-50.687,1,5,328,1.7606190248818876
20824,-5.219,-49.236,1,5,341,1.7662994947878354
20834,-5.247,-47.925,1,5,306,1.7730373733898965
20844,-5.293,-47.158,1,5,352,1.7810015058357613
20854,-5.355,-46.865,1,5,310,1.7902329403801935
20864,-5.428,-47.119,1,5,331,1.8006821196917495
20874,-5.504,-47.748,1,5,343,1.812257403432829
20884,-5.548,-47.987,1,5,294,1.8248449054639297
20894,-5.54,-47.596,1,5,344,1.8383290519979372
20904,-5.472,-46.62,1,5,311,1.8526239730138978
20914,-5.351,-45.216,1,5,326,1.867652797226199
20924,-5.195,-43.629,1,5,338,1.8832873346848902
20934,-5.026,-42.123,1,5,296,1.8993132527882521
20944,-4.859,-40.909,1,5,340,1.9154125024794528
20954,-4.699,-40.009,1,5,315,1.931155735242503
20964,-4.54,-39.361,1,5,320,1.9460513288559937
20974,-4.369,-38.75,1,5,337,1.959634189059927
20984,-4.184,-38.18,1,5,290,1.9714975040955838
20994,-3.976,-37.531,1,5,337,1.9812749190975405
21004,-3.754,-36.951,1,5,302,1.9886467278967925
21014,-3.51,-36.253,1,5,324,1.9933331113826052
21024,-3.231,-35.326,1,5,335,1.995071177525464
21034,-2.913,-34.258,1,5,290,1.9936345453210544
21044,-2.562,-33.175,1,5,341,1.9888395454950094
21054,-2.185,-32.15,1,5,298,1.98051077080481
21064,-1.792,-31.245,1,5,314,1.9684977655663047
21074,-1.384,-30.369,1,5,331,1.9527495011723328
21084,-0.96,-29.446,1,5,289,1.9333445863912948
21094,-0.535,-28.748,1,5,344,1.9104366348773
21104,-0.115,-28.258,1,5,308,1.8842029334896218
21114,0.317,-27.564,1,5,324,1.8548757072048456
21124,0.771,-26.518,1,5,332,1.8227820983391958
21134,1.223,-25.627,1,5,289,1.7883098718306196
21144,1.658,-25.067,1,5,345,1.7518506905817715
21154,2.082,-24.691,1,5,313,1.7137741107440039
21164,2.49,-24.643,1,5,318,1.6744349772583689
21174,2.882,-24.918,1,5,340,1.6342028212918176
21184,3.275,-25.26,1,5,294,1.5934637142356374
21194,3.674,-25.615,1,5,343,1.552604965381295
21204,4.089,-25.789,1,5,309,1.5120290958872473
21214,4.527,-25.568,1,5,326,1.4721582768690233
21224,4.982,-25.059,1,5,341,1.4334205955978163
21234,5.436,-24.583,1,5,297,1.3962500926591457
21244,5.881,-24.166,1,5,344,1.361073201686408
21254,6.313,-23.819,1,5,314,1.3282761551717068
21264,6.735,-23.499,1,5,321,1.298181594208832
21274,7.143,-23.233,1,5,342,1.2710334055446448
21284,7.547,-22.868,1,5,297,1.2469897625376931
21294,7.954,-22.392,1,5,346,1.2261397488862331
21304,8.367,-21.893,1,5,311,1.2085368216449326
21314,8.787,-21.487,1,5,325,1.1942115630617913
21324,9.212,-21.291,1,5,341,1.183158134177216
21334,9.642,-21.169,1,5,301,1.175329425678688
21344,10.083,-20.955,1,5,347,1.1706408744525612
21354,10.53,-20.706,1,5,315,1.168957333069947
21364,10.98,-20.386,1,5,320,1.170069856147775
21374,11.44,-19.906,1,5,341,1.1736957913291604
21384,11.9,-19.414,1,5,299,1.1795212026487099
21394,12.352,-19.066,1,5,347,1.1872546587079271
21404,12.793,-18.877,1,5,314,1.196640005909531
21414,13.227,-18.801,1,5,325,1.207438339396909
21424,13.649,-18.931,1,5,345,1.2194300142343677
21434,14.079,-18.907,1,5,300,1.2324228016611745
21444,14.52,-19.009,1,5,349,1.2462245484478482
21454,14.969,-19.267,1,5,310,1.2606036215499643
21464,15.433,-19.411,1,5,329,1.2752818465055393
21474,15.908,-19.388,1,5,345,1.289961782546077
21484,16.381,-19.308,1,5,299,1.3043531386043514
21494,16.845,-19.283,1,5,343,1.3181800027822
21504,17.297,-19.342,1,5,317,1.3311902793832926
21514,17.751,-19.23,1,5,327,1.3431643790036505
21524,18.21,-18.891,1,5,339,1.3539159113680275
21534,18.67,-18.467,1,5,313,1.363315123686932
21544,19.128,-18.114,1,5,346,1.3713088670551583
21554,19.589,-17.758,1,5,310,1.377883512375372
21564,20.066,-17.197,1,5,326,1.3830221145043424
21574,20.552,-16.597,1,5,347,1.3867210110977872
21584,21.047,-15.965,1,5,295,1.3890306759538675
21594,21.558,-15.184,1,5,352,1.3900734567393418
21604,22.087,-14.208,1,5,320,1.390033708801215
21614,22.622,-13.232,1,5,324,1.3891204697748563
21624,23.165,-12.235,1,5,351,1.3875267607577186
21634,23.74,-10.784,1,5,309,1.3854329833225096
21644,24.335,-9.178,1,5,355,1.3830471788145198
21654,24.947,-7.463,1,5,320,1.380617829093043
21664,25.577,-5.587,1,5,329,1.3783904822160984
21674,26.227,-3.423,0,6,350,1.3765465575718963
21684,26.905,-0.898,0,6,310,1.3751753306324848
21694,27.611,1.94,0,6,353,1.3742896280763592
21704,28.337,4.904,0,6,322,1.373849835559972
21714,29.096,8.219,0,6,327,1.3737740880852163
21724,29.902,12.039,-1,6,345,1.3739730135281507
21734,30.743,16.118,-1,6,304,1.3744251726152372
21744,31.616,20.371,-1,6,355,1.3752167447172947
21754,32.521,24.78,-1,6,324,1.3765051945672075
21764,33.451,29.248,-1,6,326,1.3784889488377106
21774,34.423,34.059,-1,6,351,1.3814241145447765
21784,35.417,38.873,-1,6,302,1.385614524646367
21794,36.426,43.586,-1,6,353,1.39135304148637
21804,37.446,48.235,-1,6,317,1.3988752120481098
21814,38.492,53.168,-1,6,326,1.4083514115744147
21824,39.553,58.133,-1,6,347,1.4199004938198012
21834,40.665,63.776,-1,6,304,1.4336021562837975
21844,41.779,69.17,-1,6,345,1.449511137786211
21854,42.893,74.296,-1,6,317,1.4676965838311735
21864,44.005,79.209,-1,6,322,1.488270686401183
21874,45.117,83.964,-1,6,352,1.5113553854893376
21884,46.232,88.699,-1,6,306,1.5370310273308245
21894,47.344,93.338,-1,6,345,1.5653177974449355
21904,48.45,97.904,-1,6,326,1.5961585011973836
21914,49.54,102.371,-1,6,323,1.6293861140794197
21924,50.621,106.867,-1,6,350,1.664702955941507
21934,51.687,111.315,-1,6,311,1.7016733617779751
21944,52.717,115.266,-1,6,351,1.7397261895307694
21954,53.718,118.854,-1,6,326,1.7781791047023696
21964,54.694,122.118,-1,6,331,1.8162698889458873
21974,55.631,124.828,-1,6,351,1.8531812977008923
21984,56.535,127.27,-1,6,303,1.8881061455311887
21994,57.419,129.803,-1,6,355,1.9203553753931943
22004,58.279,132.391,-1,6,331,1.949400783253872
22014,59.109,134.935,-1,6,338,1.9748357219329589
22024,59.921,137.575,-1,6,360,1.9963771959976067
22034,60.729,140.251,-1,6,313,2.0139177568297097
22044,61.517,142.584,-1,6,362,2.027513235356764
22054,62.267,144.447,-1,6,330,2.037300416427592
22064,62.943,145.826,-1,6,336,2.0434257504210485
22074,63.546,146.538,-1,6,352,2.046007256928158
22084,64.083,146.561,-1,6,309,2.045141837767759
22094,64.584,146.327,-1,6,354,2.040989892648077
22104,65.092,146.355,-1,6,328,2.033864309840114
22114,65.617,146.623,-1,6,331,2.0242012520188846
22124,66.129,146.693,-1,6,362,2.0124406430596373
22134,66.617,146.904,-1,6,306,1.9989399246852273
22144,67.083,147.508,-1,6,355,1.9839734501942181
22154,67.503,148.01,-1,6,330,1.9677818959464675
22164,67.852,147.86,-1,6,332,1.9505993353084512
22174,68.119,146.747,-1,6,361,1.9326532140496187
22184,68.313,144.702,-1,6,314,1.9142010043386473
22194,68.447,141.918,-1,6,361,1.8955778224521258
22204,68.52,138.714,-1,6,327,1.8771665614519333
22214,68.536,135.393,-1,6,333,1.8593018386454996
22224,68.498,132.076,-1,6,359,1.8421918806833408
22234,68.421,129.027,-1,6,312,1.8258974898256772
22244,68.306,126.313,-1,6,361,1.8103566725540354
22254,68.098,123.024,-1,6,336,1.7954246799421845
22264,67.785,119.032,-1,6,326,1.7808936357707497
22274,67.343,114.078,-1,6,354,1.7665099681486736
22284,66.775,108.311,-1,6,316,1.7520521552176347
22294,66.115,102.193,-1,6,353,1.7374474846454036
22304,65.375,95.783,-1,6,329,1.7228105881185545
22314,64.563,89.231,-1,6,336,1.7083589925371727
22324,63.682,82.631,-1,6,363,1.6943174225015432
22334,62.735,76.257,-1,6,315,1.6809030735357204
22344,61.73,70.375,-1,6,354,1.6683300787456463
22354,60.68,65.199,-1,6,334,1.6567717921852394
22364,59.604,60.885,-1,6,333,1.64632405344523
22374,58.513,57.27,-1,6,357,1.6370021930482406
22384,57.413,54.146,-1,6,307,1.6287397764017713
22394,56.321,51.482,-1,6,359,1.6213668246165467
22404,55.265,49.241,-1,6,329,1.6145953960961326
22414,54.262,47.374,-1,6,329,1.6080570012258613
22424,53.31,45.695,-1,6,358,1.6013919131194914
22434,52.387,44.002,-1,6,308,1.5943154203573016
22444,51.491,42.417,-1,6,350,1.5865988903504946
22454,50.633,41.24,-1,6,325,1.5780255535041892
22464,49.801,40.299,-1,6,319,1.5684180504845948
22474,48.969,39.484,-1,6,350,1.5577172627252998
22484,48.128,38.724,-1,6,307,1.5460162101490493
22494,47.263,37.877,-1,6,348,1.5335099956583031
22504,46.352,36.571,-1,6,328,1.5204041480930723
22514,45.386,34.649,-1,6,324,1.506852602824017
22524,44.362,32.111,-1,6,347,1.4929614063726173
22534,43.301,29.325,-1,6,310,1.4788173106151468
22544,42.242,26.789,-1,6,357,1.4644869356661196
22554,41.203,24.716,-1,6,330,1.4500266579714278
22564,40.182,23.02,-1,6,328,1.4355577065518832
22574,39.184,21.698,-1,6,358,1.4213386961104453
22584,38.199,20.576,-1,6,309,1.4077491580974297
22594,37.206,19.275,-1,6,355,1.39520892970081
22604,36.2,17.641,-1,6,333,1.3841040869428014
22614,35.189,15.73,-1,6,323,1.374745337000776
22624,34.188,13.782,-1,6,357,1.3673453875480501
22634,33.21,12.016,-1,6,311,1.3620066823206871
22644,32.271,10.615,-1,6,357,1.3587219036674554
22654,31.367,9.54,-1,6,325,1.3573841754532234
22664,30.486,8.572,-1,6,326,1.357817791610952
22674,29.613,7.542,-1,6,351,1.3598472846976912
22684,28.74,6.287,-1,6,312,1.3633650148319958
22694,27.865,4.824,0,6,351,1.3683295180814739
22704,26.973,3.015,0,6,332,1.374711114766202
22714,26.048,0.714,0,6,325,1.3824535354807976
22724,25.089,-2.017,0,6,353,1.3914728728050496
22734,24.1,-5.036,0,6,304,1.4016836458322746
22744,23.102,-7.959,0,6,354,1.4130235238195858
22754,22.104,-10.557,1,6,334,1.4254477304804114
22764,21.09,-13.068,1,6,324,1.4389156756685637
22774,20.053,-15.669,1,6,352,1.453379632599743
22784,19.001,-18.213,1,6,307,1.4687484360495249
22794,17.934,-20.709,1,6,356,1.4848596711568958
22804,16.863,-23.024,1,6,331,1.501511664947737
22814,15.803,-25.064,1,6,319,1.5185142663585716
22824,14.767,-26.999,1,6,348,1.5357062815855147
22834,13.758,-29.18,1,6,304,1.5529696394212362
22844,12.75,-32.158,1,6,351,1.5702482625567016
22854,11.724,-35.982,1,6,330,1.587534558594862
22864,10.643,-40.797,1,6,318,1.6048415018446223
22874,9.568,-45.114,1,6,343,1.6221850271523672
22884,8.497,-48.834,1,6,303,1.6395850473858085
22894,7.454,-51.699,1,6,348,1.6570997431093628
22904,6.446,-53.823,1,6,315,1.6748434273717512
22914,5.467,-55.359,1,6,320,1.6929526996606696
22924,4.5,-56.639,1,6,351,1.7115727168956287
22934,3.503,-58.336,1,6,299,1.7308984219531092
22944,2.484,-60.32,1,6,343,1.7512013349852407
22954,1.488,-62.258,1,6,318,1.772791781616789
22964,0.509,-64.829,1,6,311,1.7959435088195224
22974,-0.448,-67.776,1,6,343,1.820842126968088
22984,-1.343,-69.885,1,6,292,1.8475902136261513
22994,-2.144,-70.372,1,6,342,1.8762318479787172
23004,-2.852,-69.526,1,6,314,1.9067393658820466
23014,-3.514,-68.455,1,6,311,1.9389678627581024
23024,-4.191,-68.071,1,6,344,1.9726390230423754
23034,-4.869,-68.015,1,6,289,2.00738989531079
23044,-5.515,-67.918,1,6,343,2.0428398335005045
23054,-6.102,-67.654,1,6,319,2.0785986711487103
23064,-6.613,-67.057,1,6,313,2.1142155141563057
23074,-7.047,-66.082,1,6,345,2.1491304746238318
23084,-7.447,-65.412,1,6,300,2.1826574779969152
23094,-7.829,-64.833,1,6,344,2.2139859160653277
23104,-8.204,-64.483,1,6,324,2.2422080032020886
23114,-8.579,-64.466,1,6,322,2.266430785404525
23124,-8.935,-64.452,1,6,361,2.285979624203234
23134,-9.259,-64.389,1,6,299,2.3005184753332926
23144,-9.545,-64.347,1,6,336,2.3099632540534025
23154,-9.785,-64.19,1,6,319,2.3143826180398546
23164,-9.969,-63.428,1,6,313,2.314065443557391
23174,-10.105,-62.0,1,6,349,2.309594960735901
23184,-10.229,-60.739,1,6,299,2.3017526911600923
23194,-10.332,-59.667,1,6,346,2.2913315632400066
23204,-10.418,-58.967,1,6,324,2.279022778807106
23214,-10.483,-58.425,1,6,321,2.265429919342977
23224,-10.508,-57.637,1,6,345,2.251131239013391
23234,-10.496,-56.554,1,6,298,2.236690081939772
23244,-10.459,-55.335,1,6,345,2.2225983685713984
23254,-10.404,-54.086,1,6,315,2.209215314762141
23264,-10.335,-52.821,1,6,312,2.1967599274222662
23274,-10.435,-54.717,1,6,344,2.1853412898358715
23284,-10.443,-54.894,1,6,289,2.174970969020227
23294,-10.469,-55.488,1,6,330,2.165568271505335
23304,-10.458,-55.668,1,6,311,2.1570111138423815
23314,-10.372,-54.892,1,6,298,2.149208851238029
23324,-10.213,-53.412,1,6,333,2.142128539964284
23334,-9.992,-51.395,1,6,285,2.135766644132498
23344,-9.72,-48.971,1,6,327,2.1301008548222637
23354,-9.408,-46.372,1,6,303,2.1250385685301754
23364,-9.075,-43.971,1,6,298,2.1203755092761982
23374,-8.747,-42.154,1,6,336,2.115797362582902
23384,-8.439,-40.976,1,6,277,2.110932435151448
23394,-8.153,-40.289,1,6,329,2.105422783219379
23404,-7.895,-40.164,1,6,305,2.098993416906755
23414,-7.651,-40.345,1,6,295,2.0915122886307826
23424,-7.397,-40.455,1,6,329,2.083001140588558
23434,-7.123,-40.424,1,6,278,2.0735643598442803
23444,-6.832,-40.419,1,6,317,2.0632934261593894
23454,-6.522,-40.486,1,6,301,2.0522334569839145
23464,-6.181,-40.552,1,6,294,2.0404034497714294
23474,-5.81,-40.637,1,6,327,2.0278203090289595
23484,-5.397,-40.505,1,6,276,2.014531615411271
23494,-4.943,-40.151,1,6,328,2.0006609917870204
23504,-4.468,-39.876,1,6,307,1.9864142836676182
23514,-3.992,-39.861,1,6,300,1.9720100718007065
23524,-3.518,-39.939,1,6,339,1.9575850066309288
23534,-3.038,-39.852,1,6,287,1.9431611783086622
23544,-2.552,-39.688,1,6,338,1.928684581833829
23554,-2.069,-39.775,1,6,314,1.9140625545650136
23564,-1.602,-40.346,1,6,320,1.8991824435383988
23574,-1.156,-41.219,1,6,350,1.8839680660566547
23584,-0.735,-42.18,1,6,300,1.86845456680567
23594,-0.322,-42.879,1,6,345,1.8527889733754241
23604,0.078,-43.523,1,6,328,1.8371526788341517
23614,0.477,-43.978,1,6,320,1.8216962249694635
23624,0.875,-44.276,1,6,354,1.8065370489814325
23634,1.286,-44.269,1,6,304,1.7917831651737925
23644,1.717,-43.98,1,6,348,1.777524115179945
23654,2.163,-43.565,1,6,329,1.763789560927382
23664,2.616,-43.148,1,6,316,1.7505380767251788
23674,3.078,-42.598,1,6,347,1.7377028941078836
23684,3.55,-41.884,1,6,306,1.725231302897305
23694,4.043,-40.832,1,6,350,1.7130601115034514
23704,4.542,-39.711,1,6,322,1.7010656568684015
23714,5.062,-38.442,1,6,312,1.6890716693601202
23724,5.596,-37.19,1,6,353,1.6769256311743805
23734,6.138,-36.036,1,6,300,1.6645547014830502
23744,6.682,-35.083,1,6,348,1.6519505096208515
23754,7.235,-34.198,1,6,332,1.6391543441333756
23764,7.803,-33.339,1,6,315,1.6262713586320272
23774,8.387,-32.47,1,6,346,1.6134361957648982
23784,8.99,-31.512,1,6,298,1.600738599116714
23794,9.6,-30.622,1,6,360,1.588207704958135
23804,10.219,-29.707,1,6,323,1.5758673803015255
23814,10.851,-28.64,1,6,310,1.5637852678513942
23824,11.502,-27.374,1,6,347,1.5520835882762807
23834,12.178,-25.842,1,6,306,1.5409558260157155
23844,12.864,-24.35,1,6,345,1.5306774357926434
23854,13.552,-23.026,1,6,328,1.5215480742358207
23864,14.244,-21.75,1,6,315,1.5138022780960962
23874,14.939,-20.483,1,6,353,1.507567214661507
23884,15.641,-19.163,1,6,308,1.5028669539788462
23894,16.396,-16.995,1,6,350,1.4996555006743852
23904,17.179,-14.577,1,6,333,1.4978859857535838
23914,17.978,-12.166,1,6,319,1.4975771342028121
23924,18.777,-9.821,1,6,352,1.4988055357167478
23934,19.587,-7.359,1,6,310,1.501628301498253
23944,20.403,-4.889,0,7,346,1.5060093782351152
23954,21.238,-2.251,0,7,330,1.511790609902149
23964,22.109,0.832,0,7,315,1.5187118010896077
23974,23.009,4.205,0,7,351,1.5264822473491289
23984,23.941,7.9,0,7,307,1.5348672051843035
23994,24.893,11.723,-1,7,341,1.5437105716461765
24004,25.85,15.386,-1,7,334,1.5528661701184958
24014,26.829,19.212,-1,7,318,1.5621092617023336
24024,27.824,23.031,-1,7,346,1.5711065261142931
24034,28.84,26.935,-1,7,306,1.57943847311368
24044,29.878,30.973,-1,7,354,1.586648176351561
24054,30.935,35.08,-1,7,331,1.5923436917771205
24064,32.007,39.204,-1,7,317,1.5963347593952333
24074,33.099,43.404,-1,7,352,1.5986746502820977
24084,34.201,47.524,-1,7,301,1.5995535906140015
24094,35.312,51.568,-1,7,344,1.5991796547634032
24104,36.475,56.272,-1,7,324,1.5977605992948851
24114,37.639,60.709,-1,7,313,1.5955353793733484
24124,38.807,64.966,-1,7,351,1.5927908177152794
24134,39.973,69.044,-1,7,303,1.5898613182627812
24144,41.138,73.031,-1,7,346,1.5871023876472556
24154,42.306,76.995,-1,7,332,1.5848430905312823
24164,43.467,80.817,-1,7,320,1.5833551340017706
24174,44.625,84.622,-1,7,354,1.5828401096570466
24184,45.768,88.21,-1,7,307,1.5834072648408748
24194,46.89,91.506,-1,7,353,1.585052081552394
24204,47.988,94.506,-1,7,338,1.5876674954888423
24214,49.067,97.383,-1,7,320,1.5910773262620186
24224,50.125,100.147,-1,7,358,1.5950575592402845
24234,51.155,102.694,-1,7,314,1.5993550931299927
24244,52.159,105.132,-1,7,354,1.6037132434117867
24254,53.138,107.59,-1,7,345,1.6078840343430678
24264,54.096,110.107,-1,7,329,1.6116472817977499
24274,55.024,112.49,-1,7,362,1.6148361770093482
24284,55.919,114.617,-1,7,318,1.6173266166895088
24294,56.788,116.604,-1,7,350,1.619028960181316
24304,57.629,118.504,-1,7,347,1.6199186281795859
24314,58.455,120.626,-1,7,328,1.6200343410635711
24324,59.233,122.527,-1,7,366,1.6194310621839139
24334,59.968,124.365,-1,7,324,1.6181757708386626
24344,60.662,126.029,-1,7,360,1.616393762896617
24354,61.311,127.335,-1,7,340,1.61427565173048
24364,61.915,128.311,-1,7,327,1.6120126027427955
24374,62.471,128.91,-1,7,366,1.609729066407517
24384,62.978,129.125,-1,7,313,1.6074622785964685
24394,63.443,129.111,-1,7,358,1.6051591923896917
24404,63.884,129.16,-1,7,341,1.602673524936526
24414,64.301,129.242,-1,7,318,1.5997998245131149
24424,64.7,129.168,-1,7,361,1.5963651083774142
24434,65.104,129.034,-1,7,313,1.5923083555259483
24444,65.489,128.639,-1,7,358,1.5876747506971876
24454,65.799,127.464,-1,7,346,1.5825966441620547
24464,66.064,125.998,-1,7,322,1.5773192307907171
24474,66.306,124.552,-1,7,357,1.5721809382071874
24484,66.514,122.96,-1,7,314,1.5675436612295632
24494,66.701,121.491,-1,7,357,1.5637607152404345
24504,66.878,120.338,-1,7,343,1.5611689865659784
24514,67.027,119.093,-1,7,318,1.560071309858116
24524,67.155,118.086,-1,7,366,1.560727733194844
24534,67.234,116.839,-1,7,312,1.5633718948201036
24544,67.258,115.088,-1,7,356,1.5682327294207319
24554,67.22,112.785,-1,7,347,1.5755220127356737
24564,67.104,109.747,-1,7,323,1.5854048524694422
24574,66.909,106.177,-1,7,364,1.5979864702486135
24584,66.64,102.318,-1,7,322,1.613291443975897
24594,66.337,98.928,-1,7,356,1.631231134344348
24604,66.021,96.267,-1,7,341,1.6515930848778912
24614,65.672,93.916,-1,7,324,1.6740520974369644
24624,65.281,91.693,-1,7,366,1.6981940337505805
24634,64.857,89.688,-1,7,313,1.7235711742252122
24644,64.403,87.905,-1,7,348,1.749768421019504
24654,63.927,86.328,-1,7,348,1.7764136966212376
24664,63.42,84.668,-1,7,322,1.8031418659278131
24674,62.869,82.816,-1,7,368,1.8295993010243738
24684,62.27,80.755,-1,7,315,1.855503066740513
24694,61.627,78.62,-1,7,350,1.8806827779042363
24704,60.943,76.403,-1,7,345,1.9050674951336004
24714,60.052,71.219,-1,7,314,1.9286300639246385
24724,59.241,68.364,-1,7,363,1.951309685316481
24734,58.406,65.619,-1,7,305,1.9729552037802505
24744,57.552,63.005,-1,7,344,1.9933254266817033
24754,56.677,60.624,-1,7,340,2.0121275467619384
24764,55.786,58.579,-1,7,309,2.029066382534519
24774,54.882,56.925,-1,7,356,2.043903314388848
24784,53.984,55.883,-1,7,308,2.0564957261217005
24794,53.119,55.563,-1,7,347,2.0667624935148226
24804,52.298,55.806,-1,7,341,2.0745835799993926
24814,51.501,56.038,-1,7,310,2.079723412365099
24824,50.687,55.642,-1,7,362,2.081855022746088
24834,49.833,54.448,-1,7,309,2.08063880171925
24844,48.946,52.75,-1,7,350,2.0757603662834345
24854,48.02,50.481,-1,7,358,2.066992387458707
24864,47.042,47.4,-1,7,321,2.054366181963915
24874,46.025,43.611,-1,7,360,2.0382906038323756
24884,45.0,39.529,-1,7,316,2.0194478763235004
24894,43.99,35.608,-1,7,349,1.9985705743703088
24904,43.021,32.371,-1,7,344,1.9762865846466295
24914,42.096,29.877,-1,7,317,1.9530845065478102
24924,41.191,27.677,-1,7,356,1.9293675134897186
24934,40.298,25.7,-1,7,313,1.905539214686894
24944,39.406,23.952,-1,7,352,1.8820382565728604
24954,38.518,22.474,-1,7,345,1.8592956730003014
24964,37.642,21.304,-1,7,317,1.8376821096247142
24974,36.775,20.36,-1,7,357,1.8174818883495194
24984,35.915,19.501,-1,7,317,1.7988677389134
24994,35.057,18.613,-1,7,349,1.7818800813193756
25004,34.198,17.649,-1,7,334,1.7664451989904626
25014,33.338,16.632,-1,7,314,1.7524422382786191
25024,32.489,15.764,-1,7,361,1.7397823626946471
25034,31.665,15.204,-1,7,311,1.7284344317608895
25044,30.866,14.9,-1,7,352,1.7183950473746405
25054,30.089,14.758,-1,7,340,1.709668783194752
25064,29.333,14.711,-1,7,316,1.70226590049744
25074,28.59,14.56,-1,7,356,1.6961872455023905
25084,27.859,14.262,-1,7,315,1.6914111355330534
25094,27.149,13.982,-1,7,351,1.6879019901029608
25104,26.458,13.698,-1,7,345,1.6856641969066153
25114,25.787,13.401,-1,7,318,1.6848291970171867
25124,25.139,13.204,-1,7,359,1.6856723150074704
25134,24.499,12.877,-1,7,314,1.6885220350276418
25144,23.857,12.35,-1,7,345,1.6936642493313134
25154,23.214,11.728,-1,7,342,1.701302432991703
25164,22.571,11.077,-1,7,316,1.7115361029167775
25174,21.933,10.444,-1,7,360,1.7243390711159257
25184,21.295,9.763,-1,7,311,1.739556779941561
25194,20.654,8.972,-1,7,348,1.7569290023775062
25204,20.006,8.089,-1,7,337,1.7761402171080392
25214,19.336,6.895,-1,7,310,1.7968987619675358
25224,18.64,5.341,-1,7,364,1.819002606658779
25234,17.926,3.517,0,7,310,1.8423345322266969
25244,17.206,1.62,0,7,352,1.8668245490561428
25254,16.479,-0.346,0,7,343,1.892463697362153
25264,15.733,-2.525,0,7,315,1.919326773393241
25274,14.944,-5.235,0,7,355,1.9475138705604427
25284,14.114,-8.409,0,7,313,1.9770574977502338
25294,13.274,-11.522,1,7,348,2.0078954770919637
25304,12.434,-14.391,1,7,340,2.0399234116807787
25314,11.588,-17.189,1,7,314,2.073057493171479
25324,10.734,-19.978,1,7,355,2.107223537111814
25334,9.851,-23.106,1,7,304,2.142281174747312
25344,8.96,-26.079,1,7,343,2.177969347639229
25354,8.034,-28.994,1,7,334,2.2139165184781966
25364,7.047,-32.308,1,7,301,2.249718363860126
25374,6.038,-35.873,1,7,347,2.2850551584433694
25384,5.034,-39.434,1,7,308,2.3197485698284033
25394,4.062,-42.452,1,7,344,2.3537020236950186
25404,3.176,-44.083,1,7,330,2.386825946977422
25414,2.318,-45.594,1,7,305,2.4190209982857707
25424,1.457,-47.657,1,7,349,2.450158837667348
25434,0.604,-49.925,1,7,300,2.4800393903126654
25444,-0.236,-52.233,1,7,342,2.5083721299794144
25454,-1.061,-54.603,1,7,334,2.5348324888105638
25464,-1.864,-56.812,1,7,306,2.5591969411286533
25474,-2.643,-58.613,1,7,350,2.5814241528791375
25484,-3.387,-59.981,1,7,298,2.601578345817337
25494,-4.15,-62.169,1,7,330,2.6197242576983686
25504,-4.976,-65.905,1,7,321,2.635952210592164
25514,-5.845,-70.645,1,7,304,2.650471801210316
25524,-6.72,-75.369,1,7,347,2.6636149361609087
25534,-7.552,-79.194,1,7,304,2.6757286998050973
25544,-8.338,-82.34,1,7,337,2.687090280035246
25554,-9.085,-85.003,1,7,331,2.697904524804635
25564,-9.847,-87.995,1,7,305,2.708299948199656
25574,-10.628,-91.129,1,7,343,2.718310509079309
25584,-11.381,-93.68,1,7,308,2.7278912236135455
25594,-12.046,-95.063,1,7,339,2.736937072851182
25604,-12.606,-95.463,1,7,339,2.7452999275061023
25614,-13.073,-95.175,1,7,303,2.752811271673073
25624,-13.443,-93.878,1,7,347,2.759276425929276
25634,-13.71,-91.332,1,7,307,2.7644586441078047
25644,-13.906,-88.254,1,7,339,2.7680683875662773
25654,-14.081,-85.77,1,7,337,2.7697405575861884
25664,-14.28,-84.708,1,7,303,2.7690208535966723
25674,-14.531,-85.318,1,7,350,2.765384273426478
25684,-14.792,-86.396,1,7,297,2.7582971745332103
25694,-14.994,-86.602,1,7,341,2.7472838520204528
25704,-15.115,-85.808,1,7,335,2.7319447897393174
25714,-15.169,-84.566,1,7,314,2.712012581000433
25724,-15.177,-83.287,1,7,350,2.6874838507158
25734,-15.151,-82.008,1,7,298,2.6586465917078956
25744,-15.131,-81.216,1,7,329,2.625937080425768
25754,-15.18,-81.523,1,7,324,2.5898111351100694
25764,-15.236,-81.565,1,7,296,2.550710094483997
25774,-15.207,-80.675,1,7,350,2.5090191112344917
25784,-15.048,-78.62,1,7,290,2.465002195341578
25794,-14.779,-76.074,1,7,329,2.4187835050635633
25804,-14.45,-73.718,1,7,313,2.3704055038466576
25814,-14.099,-71.775,1,7,290,2.319971420787295
25824,-13.741,-70.004,1,7,338,2.267793604771137
25834,-13.391,-68.405,1,7,293,2.214404874535577
25844,-13.062,-67.328,1,7,326,2.1604359306111753
25854,-12.765,-66.969,1,7,325,2.1065186064454395
25864,-12.489,-66.975,1,7,294,2.0532839442530437
25874,-12.208,-66.807,1,7,341,2.0013681621808788
25884,-11.893,-66.067,1,7,294,1.9513820769009458
25894,-11.533,-64.779,1,7,330,1.9038941904687845
25904,-11.157,-63.665,1,7,318,1.85944265939659
25914,-10.762,-62.868,1,7,299,1.818530653275475
25924,-10.36,-62.612,1,7,341,1.7815819944889772
25934,-9.95,-62.54,1,7,295,1.7488948137638232
25944,-9.515,-62.145,1,7,328,1.7206381748448119
25954,-9.03,-60.91,1,7,328,1.6968768448838825
25964,-8.539,-59.556,1,7,293,1.6775797898778222
25974,-8.046,-58.163,1,7,345,1.6626210435923114
25984,-7.554,-56.89,1,7,297,1.6518022380169508
25994,-7.063,-55.89,1,7,330,1.6448741547758525
26004,-6.568,-55.179,1,7,326,1.6415410115346964
26014,-6.071,-54.719,1,7,301,1.6414810785379998
26024,-5.559,-54.213,1,7,345,1.6443851055043304
26034,-5.026,-53.487,1,7,305,1.6499644566890996
26044,-4.487,-52.647,1,7,340,1.6579363243431577
26054,-3.927,-51.368,1,7,332,1.668036486731306
26064,-3.295,-48.969,1,7,305,1.6800336702782195
26074,-2.673,-47.184,1,7,353,1.6937069599570935
26084,-2.036,-45.584,1,7,301,1.7088272781972054
26094,-1.388,-44.333,1,7,340,1.7251568785725702
26104,-0.743,-43.574,1,7,340,1.742425943441045
26114,-0.092,-43.024,1,7,304,1.760294665758334
26124,0.57,-42.524,1,7,357,1.7783363700473211
26134,1.252,-41.905,1,7,314,1.7960548762749613
26144,1.954,-41.175,1,7,349,1.8129575167726217
26154,2.676,-40.312,1,7,340,1.8286589877334596
26164,3.452,-38.719,1,7,311,1.8429074283934597
26174,4.27,-36.678,1,7,358,1.8554927050382843
26184,5.091,-34.816,1,7,318,1.8661508088463015
26194,5.92,-32.978,1,7,344,1.8745692941722583
26204,6.754,-31.213,1,7,341,1.8804448449147855
26214,7.595,-29.488,1,7,306,1.8835171055269808
26224,8.459,-27.583,1,7,353,1.8836367062888713
26234,9.329,-25.842,1,7,312,1.8808979065868927
26244,10.204,-24.219,1,7,341,1.8756916848225726
26254,11.088,-22.611,1,7,344,1.8685853412808964
26264,11.98,-21.008,1,7,313,1.8601362258875582
26274,12.9,-19.061,1,7,362,1.8507743160409642
26284,13.856,-16.686,1,7,315,1.8407800759553485
26294,14.841,-13.964,1,7,346,1.8303197732857792
26304,15.85,-11.014,1,7,345,1.8194839582274103
26314,16.874,-7.976,1,7,311,1.8082934618825601
26324,17.925,-4.692,0,8,359,1.7966946054775752
26334,19.005,-1.131,0,8,318,1.7845718854845383
26344,20.098,2.356,0,8,347,1.7717866496335921
26354,21.212,5.932,0,8,348,1.7582512011597884
26364,22.4,10.479,-1,8,312,1.743979419054831
26374,23.621,15.143,-1,8,359,1.7290323123889864
26384,24.87,19.864,-1,8,315,1.7134146203179743
26394,26.125,24.358,-1,8,346,1.6970492803752066
26404,27.392,28.825,-1,8,345,1.6798421322437116
26414,28.677,33.351,-1,8,310,1.6617386676834693
26424,29.975,37.865,-1,8,353,1.6427271912866879
26434,31.271,42.125,-1,8,311,1.622853638556917
26444,32.568,46.296,-1,8,340,1.6022705357547433
26454,33.867,50.402,-1,8,340,1.5812469476051922
26464,35.177,54.598,-1,8,311,1.5601217307243793
26474,36.498,58.907,-1,8,355,1.5392534066366936
26484,37.805,62.865,-1,8,318,1.5189841520303062
26494,39.095,66.458,-1,8,343,1.4996183930715594
26504,40.377,69.93,-1,8,348,1.4814292882861246
26514,41.662,73.536,-1,8,310,1.464668633944287
26524,42.956,77.426,-1,8,358,1.4495532295155744
26534,44.251,81.45,-1,8,321,1.4362533339220374
26544,45.528,85.242,-1,8,345,1.4248968040693941
26554,46.787,88.818,-1,8,341,1.4155669278179075
26564,48.02,92.155,-1,8,319,1.4082870728850267
26574,49.269,96.034,-1,8,369,1.403006769439421
26584,50.48,99.429,-1,8,320,1.3996269203992004
26594,51.66,102.798,-1,8,350,1.3980849260943178
26604,52.828,106.439,-1,8,351,1.3984312008886004
26614,53.971,110.013,-1,8,320,1.4008103539100987
26624,55.071,113.082,-1,8,361,1.4053680880267339
26634,56.108,115.294,-1,8,323,1.412182835726061
26644,57.066,116.598,-1,8,351,1.4212729719452384
26654,57.962,117.533,-1,8,347,1.432634797493243
26664,58.798,118.271,-1,8,310,1.4462655655572867
26674,59.577,118.936,-1,8,364,1.4621961826591434
26684,60.32,120.02,-1,8,319,1.4805260751443803
26694,61.034,121.584,-1,8,346,1.5013948873025196
26704,61.723,123.315,-1,8,348,1.524908248101682
26714,62.38,124.595,-1,8,311,1.551092513045022
26724,62.99,124.909,-1,8,365,1.579896446362973
26734,63.555,124.631,-1,8,315,1.6112213210893656
26744,64.089,124.43,-1,8,341,1.6449516821866275
26754,64.589,124.394,-1,8,347,1.6809706478842599
26764,65.062,124.487,-1,8,313,1.7191733549158728
26774,65.523,124.615,-1,8,361,1.7594709429460211
26784,65.927,124.091,-1,8,324,1.8017759265942284
26794,66.26,123.36,-1,8,348,1.8460306425516544
26804,66.565,122.709,-1,8,352,1.8923030809121555
26814,66.857,122.056,-1,8,314,1.9408303485576623
26824,67.133,121.236,-1,8,363,1.9919262834617433
26834,67.378,120.268,-1,8,316,2.045846467466243
26844,67.573,118.983,-1,8,347,2.1027117072877535
26854,67.746,117.893,-1,8,347,2.162478971439232
26864,67.9,117.065,-1,8,311,2.2249387004444015
26874,68.01,116.243,-1,8,362,2.2897360827044912
26884,68.062,115.253,-1,8,323,2.356383500059046
26894,68.074,114.214,-1,8,338,2.4242521976325673
26904,68.066,113.288,-1,8,351,2.4925725534011427
26914,68.043,112.393,-1,8,305,2.5604760591459215
26924,68.01,111.577,-1,8,360,2.6270924306445522
26934,67.946,110.551,-1,8,316,2.6916278486320886
26944,67.846,109.288,-1,8,347,2.753346900708441
26954,67.705,107.809,-1,8,357,2.81155605661968
26964,67.509,105.895,-1,8,314,2.8656751242314153
26974,67.271,103.873,-1,8,362,2.9152719508250335
26984,67.054,102.737,-1,8,324,2.9599771632076446
26994,66.841,101.933,-1,8,345,2.9993871013449125
27004,66.616,101.293,-1,8,352,3.033031802790419
27014,66.377,100.679,-1,8,317,3.0603591753520267
27024,66.101,99.719,-1,8,353,3.080727361479548
27034,65.791,98.503,-1,8,321,3.093473376663752
27044,65.453,97.122,-1,8,343,3.0980442339777663
27054,65.062,95.199,-1,8,344,3.094108261407352
27064,64.607,92.773,-1,8,313,3.0816275995240643
27074,64.097,90.293,-1,8,363,3.0608864902222113
27084,63.551,88.124,-1,8,324,3.0324183931858326
27094,62.985,86.327,-1,8,354,2.9968543828434764
27104,62.395,84.525,-1,8,357,2.954831560442757
27114,61.757,82.127,-1,8,310,2.9069816136005353
27124,61.055,78.94,-1,8,366,2.8538709211157083
27134,60.283,75.113,-1,8,323,2.7959028706294173
27144,59.451,71.131,-1,8,349,2.7333633089763985
27154,58.586,67.467,-1,8,357,2.6667032825627848
27164,57.693,64.006,-1,8,312,2.5969490128164714
27174,56.765,60.461,-1,8,365,2.5260057226879096
27184,55.806,56.876,-1,8,325,2.4566433901740674
